NAMA,MQ135,MQ2,MQ3,MQ6,MQ138,MQ7,MQ136,MQ5
aKaw-D,7014,322,8758,325,4345,596,6358,277
aKaw-D,5625,288,5786,135,3246,174,4932,76
aKaw-D,5587,286,5775,135,3236,171,4897,76
aKaw-D,5551,284,5765,133,3225,168,4864,77
aKaw-D,5514,282,5751,132,3214,165,4831,77
aKaw-D,5477,280,5740,131,3202,162,4797,77
aKaw-D,5254,280,4873,286,2828,271,4758,201
aKaw-D,5244,279,4880,285,2830,269,4748,206
aKaw-D,5219,278,4870,283,2824,261,4723,206
aKaw-D,5552,295,5780,131,3260,165,4911,81
aKaw-D,5208,277,4876,282,2824,259,4711,211
aKaw-D,5861,391,6344,227,3611,287,5737,178
aKaw-D,5844,389,6353,226,3611,286,5721,183
aKaw-D,5815,388,6345,224,3604,282,5693,184
aKaw-D,5784,385,6336,223,3594,276,5662,184
aKaw-D,5753,383,6328,221,3585,271,5633,185
aKaw-D,5695,373,5783,203,3461,274,5505,144
aKaw-D,5661,371,5773,202,3451,269,5473,144
aKaw-D,5629,368,5764,200,3442,265,5443,145
aKaw-D,5183,275,4865,279,2817,252,4687,211
aKaw-D,5588,297,5791,133,3272,168,4946,80
aKaw-D,5627,300,5805,135,3285,171,4983,80
aKaw-D,5664,302,5815,136,3296,175,5017,79
aKaw-D,6958,319,8757,324,4339,600,6309,284
aKaw-D,6922,318,8746,324,4331,600,6275,285
aKaw-D,6887,316,8736,323,4322,599,6244,287
aKaw-D,6489,377,7225,223,3920,389,6076,177
aKaw-D,6463,376,7231,222,3916,390,6051,182
aKaw-D,6424,373,7221,221,3904,387,6014,183
aKaw-D,6383,371,7209,219,3891,385,5976,184
aKaw-D,6345,368,7200,217,3879,382,5938,185
aKaw-D,6167,357,6260,194,3633,317,5678,128
aKaw-D,6127,354,6248,194,3620,314,5639,128
aKaw-D,6090,352,6238,192,3608,311,5603,129
aKaw-D,6050,349,6225,191,3594,309,5565,129
aKaw-D,6012,347,6214,189,3581,306,5528,130
aKaw-D,5936,329,5954,166,3465,250,5353,96
aKaw-D,5910,327,5960,166,3461,251,5330,100
aKaw-D,5872,325,5947,164,3449,248,5294,101
aKaw-D,5833,322,5936,163,3435,244,5257,101
aKaw-D,5795,320,5924,161,3422,241,5221,101
aKaw-D,5702,304,5827,137,3308,178,5053,80
aKaw-D,5611,366,5770,200,3439,265,5425,149
aKaw-D,6993,321,8765,325,4346,601,6339,283
aKaw-D,5580,364,5761,198,3429,260,5395,150
aKaw-D,5557,346,5605,171,3368,216,5253,113
aKaw-D,4989,169,4382,48,2777,76,4569,85
aKaw-D,4960,169,4372,47,2772,73,4543,85
aKaw-D,4932,168,4363,46,2768,70,4520,87
aKaw-D,4903,167,4352,44,2761,67,4493,87
aKaw-D,4874,167,4342,43,2755,64,4466,88
aKaw-D,4749,157,4255,40,2609,64,4274,83
aKaw-D,4719,156,4243,38,2602,60,4247,83
aKaw-D,4692,156,4233,36,2598,57,4224,83
aKaw-D,4979,174,4594,41,2864,54,4604,92
aKaw-D,4675,155,4238,36,2598,56,4210,87
aKaw-D,4420,140,4213,19,2389,33,3884,77
aKaw-D,4392,139,4201,18,2383,29,3859,77
aKaw-D,4365,138,4191,16,2379,26,3835,77
aKaw-D,4336,138,4177,15,2372,22,3810,77
aKaw-D,4309,137,4167,13,2366,18,3787,78
aKaw-D,4418,136,4256,18,2385,27,3860,71
aKaw-D,4390,135,4245,17,2381,24,3836,71
aKaw-D,4364,135,4235,15,2376,21,3813,71
aKaw-D,4647,155,4227,34,2592,53,4186,88
aKaw-D,5007,175,4605,43,2870,58,4628,92
aKaw-D,5037,176,4618,44,2877,62,4655,92
aKaw-D,5064,176,4628,46,2880,66,4678,92
aKaw-D,5525,344,5595,169,3359,211,5221,113
aKaw-D,5505,342,5601,168,3355,212,5203,118
aKaw-D,5474,340,5591,167,3345,207,5173,119
aKaw-D,5464,321,5519,154,3274,188,5053,96
aKaw-D,5444,319,5526,154,3272,188,5034,101
aKaw-D,5411,317,5517,152,3262,184,5004,102
aKaw-D,5377,315,5505,152,3251,180,4971,101
aKaw-D,5345,313,5495,149,3241,176,4941,102
aKaw-D,5276,293,5483,134,3140,152,4776,82
aKaw-D,5255,292,5489,133,3136,152,4758,86
aKaw-D,5222,290,5478,132,3127,148,4727,86
aKaw-D,5188,288,5466,130,3116,145,4695,86
aKaw-D,5156,286,5456,129,3105,141,4665,87
aKaw-D,5345,180,5321,40,3181,79,4861,101
aKaw-D,5322,180,5310,39,3182,75,4844,101
aKaw-D,5299,179,5302,37,3183,71,4828,101
aKaw-D,5276,179,5292,36,3183,68,4809,101
aKaw-D,5254,178,5283,34,3183,64,4793,102
aKaw-D,5093,177,4639,48,2885,70,4704,92
aKaw-D,5590,348,5616,172,3378,220,5285,113
aKaw-D,4309,134,4212,12,2365,14,3764,71
aKaw-D,4335,134,4223,14,2371,17,3788,71
aKaw-L,3494,137,5570,132,1914,246,2698,83
aKaw-L,3636,155,5511,138,2051,239,2889,88
aKaw-L,3607,154,5493,137,2040,236,2865,87
aKaw-L,3579,153,5475,135,2031,233,2843,88
aKaw-L,3510,142,5439,125,1938,216,2732,76
aKaw-L,3482,141,5421,124,1929,214,2709,75
aKaw-L,3455,140,5404,122,1921,211,2689,75
aKaw-L,3438,139,5401,122,1917,212,2677,80
aKaw-L,3411,138,5385,121,1908,209,2656,80
aKaw-L,3957,158,6658,236,2470,508,3309,180
aKaw-L,3926,157,6640,236,2460,508,3285,180
aKaw-L,3897,156,6624,235,2452,509,3263,181
aKaw-L,3878,155,6623,236,2448,512,3250,186
aKaw-L,3849,154,6606,235,2440,512,3228,188
aKaw-L,4107,181,6734,171,2414,347,3327,124
aKaw-L,4073,179,6715,170,2402,345,3299,124
aKaw-L,4041,178,6698,168,2391,342,3274,125
aKaw-L,4008,177,6678,168,2378,339,3247,125
aKaw-L,3977,175,6660,166,2367,337,3221,125
aKaw-L,3637,157,6047,133,2079,262,2855,90
aKaw-L,3663,157,5528,139,2060,242,2912,87
aKaw-L,3604,156,6027,131,2067,258,2829,89
aKaw-L,3693,158,5545,140,2070,245,2935,88
aKaw-L,3793,174,5633,152,2186,261,3077,97
aKaw-L,3476,136,5566,132,1909,246,2685,87
aKaw-L,4617,239,6695,307,2798,568,4048,223
aKaw-L,4586,237,6682,307,2785,567,4018,223
aKaw-L,4556,235,6670,306,2773,567,3991,224
aKaw-L,4536,233,6672,306,2766,571,3973,229
aKaw-L,4506,232,6659,305,2753,570,3946,230
aKaw-L,4302,237,6359,194,2606,356,3704,147
aKaw-L,4282,235,6361,193,2599,357,3686,151
aKaw-L,4250,233,6347,191,2586,354,3659,151
aKaw-L,4217,231,6331,190,2572,350,3629,151
aKaw-L,4186,229,6317,188,2558,347,3600,152
aKaw-L,4058,203,5837,172,2375,306,3385,116
aKaw-L,4027,202,5821,171,2362,303,3358,116
aKaw-L,3997,200,5805,169,2351,300,3332,117
aKaw-L,3965,198,5787,168,2338,297,3305,116
aKaw-L,3936,197,5771,166,2326,294,3280,117
aKaw-L,3870,178,5669,155,2213,267,3141,94
aKaw-L,3840,177,5652,154,2202,264,3115,93
aKaw-L,3811,175,5635,152,2192,261,3091,93
aKaw-L,3765,173,5617,150,2176,258,3054,97
aKaw-L,3448,135,5547,130,1899,243,2663,87
aKaw-L,3521,138,5588,134,1923,250,2721,82
aKaw-L,3542,153,5989,128,2043,251,2778,89
aKaw-L,4443,231,6919,230,2723,461,3878,199
aKaw-L,4410,229,6904,229,2709,458,3847,199
aKaw-L,4379,227,6889,227,2696,455,3819,200
aKaw-L,4117,201,6128,187,2400,358,3451,137
aKaw-L,4084,199,6111,185,2387,355,3421,137
aKaw-L,4053,197,6095,183,2375,351,3395,137
aKaw-L,4033,196,6094,183,2368,352,3378,141
aKaw-L,4002,195,6077,181,2356,348,3351,142
aKaw-L,3918,176,5901,165,2218,309,3173,110
aKaw-L,3886,175,5882,163,2207,306,3145,110
aKaw-L,3857,173,5866,162,2196,302,3121,110
aKaw-L,3825,172,5846,161,2183,299,3093,109
aKaw-L,3796,171,5830,159,2172,295,3068,110
aKaw-L,3710,154,5714,146,2051,271,2924,92
aKaw-L,3691,153,5711,145,2046,271,2910,95
aKaw-L,3661,152,5693,143,2037,268,2885,96
aKaw-L,3631,150,5674,142,2025,264,2860,95
aKaw-L,3602,149,5656,140,2015,260,2836,95
aKaw-L,3553,139,5608,135,1933,254,2745,84
aKaw-L,4474,233,6934,232,2735,464,3907,199
aKaw-L,3573,155,6008,130,2056,255,2804,89
aKaw-L,4495,234,6933,233,2741,463,3926,194
aKaw-L,4680,213,7523,317,2821,594,4092,283
aKaw-L,3511,152,5969,126,2031,248,2752,89
aKaw-L,3544,144,5835,125,1969,235,2737,81
aKaw-L,3513,142,5815,124,1958,232,2712,80
aKaw-L,3483,141,5796,122,1947,229,2689,80
aKaw-L,3452,140,5776,121,1935,225,2664,80
aKaw-L,3422,139,5757,120,1924,221,2641,80
aKaw-L,3391,132,5694,117,1855,218,2580,71
aKaw-L,3361,131,5675,117,1845,215,2556,70
aKaw-L,3332,129,5656,115,1836,212,2534,71
aKaw-L,3302,128,5636,114,1825,208,2510,70
aKaw-L,3275,127,5617,112,1815,204,2489,70
aKaw-L,3298,124,5565,112,1777,203,2479,66
aKaw-L,3268,123,5545,111,1768,200,2456,66
aKaw-L,3241,122,5528,109,1760,197,2435,66
aKaw-L,3222,121,5523,109,1755,197,2423,70
aKaw-L,3195,120,5504,107,1746,193,2402,70
aKaw-L,4752,218,7546,318,2844,590,4157,276
aKaw-L,4724,216,7533,318,2834,591,4131,277
aKaw-L,4697,215,7521,317,2825,590,4107,278
aKaw-L,4653,212,7510,316,2811,594,4066,284
aKaw-M,7489,787,7699,830,4662,1014,7376,327
aKaw-M,7474,783,7712,830,4657,1015,7357,333
aKaw-M,5345,376,5710,303,3432,347,4781,116
aKaw-M,6320,535,8125,862,4009,878,5876,285
aKaw-M,6357,538,8133,864,4025,884,5912,284
aKaw-M,6380,541,8123,864,4034,884,5936,279
aKaw-M,6417,544,8130,866,4049,889,5973,278
aKaw-M,6454,547,8139,867,4065,894,6011,277
aKaw-M,5327,373,5573,330,3353,336,4803,99
aKaw-M,5363,376,5584,332,3368,340,4837,98
aKaw-M,5400,379,5595,333,3383,343,4872,98
aKaw-M,6360,603,6747,552,4194,627,6169,208
aKaw-M,5436,381,5605,335,3396,346,4906,97
aKaw-M,5331,395,5367,346,3335,319,4836,89
aKaw-M,5366,398,5376,349,3350,323,4870,88
aKaw-M,5404,401,5388,350,3366,327,4906,88
aKaw-M,5438,404,5398,352,3379,330,4939,88
aKaw-M,5475,407,5408,354,3394,335,4975,88
aKaw-M,4731,405,3958,306,2646,75,4298,53
aKaw-M,4768,408,3971,309,2663,82,4336,53
aKaw-M,4804,412,3982,311,2681,89,4374,54
aKaw-M,5460,383,5597,335,3402,344,4927,93
aKaw-M,4840,415,3993,314,2697,95,4410,54
aKaw-M,6323,599,6739,551,4180,623,6132,209
aKaw-M,6264,591,6740,549,4158,622,6075,215
aKaw-M,5454,384,5742,306,3477,355,4879,114
aKaw-M,5494,387,5755,306,3492,357,4914,114
aKaw-M,5599,419,5719,343,3627,405,5096,126
aKaw-M,5636,422,5728,344,3642,407,5129,126
aKaw-M,5675,426,5740,345,3658,409,5163,126
aKaw-M,5712,428,5748,346,3671,412,5195,125
aKaw-M,5751,431,5759,347,3686,415,5230,124
aKaw-M,5803,465,5723,393,3773,479,5373,143
aKaw-M,6286,595,6731,549,4166,620,6097,210
aKaw-M,5839,468,5733,394,3789,482,5407,143
aKaw-M,5915,475,5754,397,3819,487,5477,142
aKaw-M,5940,478,5746,396,3827,485,5499,138
aKaw-M,6008,524,5876,461,3928,573,5698,174
aKaw-M,6044,527,5886,462,3943,575,5733,173
aKaw-M,6081,531,5896,463,3959,578,5769,173
aKaw-M,6118,535,5905,464,3973,581,5802,172
aKaw-M,6141,538,5896,464,3981,578,5824,167
aKaw-M,6228,588,6733,548,4144,618,6041,217
aKaw-M,5878,472,5745,395,3805,485,5443,143
aKaw-M,4877,419,4005,317,2714,102,4449,55
aKaw-M,5314,739,3250,846,3293,724,6123,99
aKaw-M,5330,744,3254,847,3299,726,6140,98
aKaw-M,6211,573,4669,428,3867,489,6027,135
aKaw-M,6248,577,4677,431,3882,493,6065,134
aKaw-M,6286,582,4686,433,3897,498,6105,133
aKaw-M,6322,586,4693,435,3910,501,6142,133
aKaw-M,6361,590,4702,437,3924,506,6182,133
aKaw-M,6370,646,4832,490,3997,582,6337,169
aKaw-M,6404,651,4838,493,4011,586,6374,168
aKaw-M,6441,656,4847,496,4026,591,6413,168
aKaw-M,6180,527,4717,385,3791,427,5869,111
aKaw-M,6476,661,4855,499,4039,596,6452,167
aKaw-M,6433,709,5433,549,4098,639,6534,219
aKaw-M,6466,714,5439,552,4112,644,6571,218
aKaw-M,6501,720,5446,555,4126,649,6610,217
aKaw-M,6533,725,5452,558,4138,654,6645,216
aKaw-M,6549,730,5439,559,4142,652,6665,209
aKaw-M,7398,770,7718,823,4627,1006,7268,341
aKaw-M,7429,775,7722,826,4640,1011,7304,339
aKaw-M,7444,779,7709,827,4645,1010,7324,334
aKaw-M,6498,666,4845,500,4046,595,6476,163
aKaw-M,6140,523,4707,383,3776,423,5829,110
aKaw-M,6102,519,4700,380,3763,419,5791,111
aKaw-M,6064,515,4690,378,3747,415,5752,111
aKaw-M,5348,748,3260,848,3307,728,6161,98
aKaw-M,5362,753,3263,849,3312,731,6176,97
aKaw-M,5377,757,3267,849,3319,733,6192,96
aKaw-M,5721,870,4166,1057,3737,840,6732,147
aKaw-M,5735,874,4169,1058,3742,842,6747,146
aKaw-M,5751,879,4174,1058,3749,844,6763,145
aKaw-M,5763,883,4177,1057,3753,845,6774,144
aKaw-M,5778,888,4182,1057,3758,847,6788,143
aKaw-M,9536,1059,9338,1868,6265,1932,10740,385
aKaw-M,9545,1061,9336,1864,6265,1928,10744,383
aKaw-M,9555,1064,9337,1860,6267,1924,10750,381
aKaw-M,9562,1067,9334,1855,6266,1919,10751,378
aKaw-M,9572,1070,9335,1849,6267,1914,10755,377
aKaw-M,5839,462,4754,328,3595,340,5407,100
aKaw-M,5877,465,4763,331,3610,344,5445,100
aKaw-M,5918,469,4773,333,3626,349,5486,100
aKaw-M,5957,473,4781,335,3639,353,5524,100
aKaw-M,5998,476,4791,337,3654,357,5564,100
aKaw-M,6027,511,4683,376,3733,411,5714,112
aKaw-M,5417,382,5734,305,3463,352,4848,115
aKaw-M,5380,379,5721,304,3448,350,4813,115
aSem-D,4716,319,2970,232,2359,94,4094,78
aSem-D,5140,274,5249,97,3089,73,4557,62
aSem-D,4584,239,3855,117,2647,118,4020,57
aSem-D,4558,237,3847,116,2640,115,3997,57
aSem-D,4531,236,3837,115,2632,111,3973,57
aSem-D,4505,235,3828,114,2625,108,3951,58
aSem-D,6031,302,5612,299,3594,474,5445,172
aSem-D,6013,300,5621,299,3594,476,5429,177
aSem-D,5982,299,5614,298,3587,474,5400,178
aSem-D,5949,297,5604,297,3577,472,5368,178
aSem-D,4611,240,3865,117,2654,122,4043,57
aSem-D,5918,296,5596,296,3568,469,5339,179
aSem-D,5818,343,5339,185,3499,252,5381,117
aSem-D,5784,341,5329,184,3489,249,5350,118
aSem-D,5749,339,5318,183,3477,245,5317,118
aSem-D,5716,336,5309,181,3466,241,5286,119
aSem-D,5527,322,4935,161,3305,222,5058,92
aSem-D,5493,319,4924,161,3294,219,5028,92
aSem-D,5461,318,4915,159,3285,215,4998,93
aSem-D,5428,315,4903,158,3274,212,4967,93
aSem-D,5851,345,5349,186,3510,256,5413,117
aSem-D,4546,248,3684,125,2639,132,4021,66
aSem-D,4572,249,3692,126,2646,136,4044,65
aSem-D,4586,250,3683,126,2647,136,4054,61
aSem-D,4691,316,2963,230,2350,86,4069,77
aSem-D,4666,313,2956,228,2341,78,4045,77
aSem-D,4684,310,3063,196,2536,200,4200,70
aSem-D,4659,308,3055,195,2528,194,4177,69
aSem-D,4636,306,3049,194,2522,189,4155,69
aSem-D,4624,304,3059,193,2521,189,4146,74
aSem-D,4600,302,3052,192,2513,183,4124,74
aSem-D,4667,287,3262,161,2607,186,4170,63
aSem-D,4655,286,3272,161,2607,186,4160,67
aSem-D,4630,284,3265,159,2600,181,4138,67
aSem-D,4604,282,3255,158,2592,176,4114,67
aSem-D,4580,280,3247,156,2584,171,4092,67
aSem-D,4686,271,3515,144,2668,165,4172,60
aSem-D,4673,270,3524,144,2668,165,4163,64
aSem-D,4648,269,3516,142,2662,161,4141,64
aSem-D,4622,267,3506,142,2654,157,4118,64
aSem-D,4599,265,3499,141,2647,152,4096,65
aSem-D,4638,253,3701,128,2661,143,4100,61
aSem-D,4611,252,3692,127,2654,140,4076,60
aSem-D,4750,324,2963,235,2368,103,4126,74
aSem-D,4740,322,2975,234,2367,101,4117,78
aSem-D,5388,302,4902,145,3204,177,4866,80
aSem-D,5339,298,4900,144,3193,175,4821,85
aSem-D,5631,343,5552,123,3457,164,5178,85
aSem-D,5595,341,5543,120,3446,160,5145,85
aSem-D,5571,338,5550,120,3440,160,5122,90
aSem-D,5535,336,5539,118,3427,156,5088,90
aSem-D,5804,331,5434,149,3483,175,5287,83
aSem-D,5767,329,5423,148,3472,172,5254,83
aSem-D,5733,326,5414,146,3462,168,5221,84
aSem-D,5697,324,5403,146,3449,165,5187,83
aSem-D,5668,346,5565,123,3469,168,5214,85
aSem-D,5662,322,5392,144,3438,162,5155,84
aSem-D,5572,304,5324,143,3337,174,5024,79
aSem-D,5539,303,5315,142,3327,171,4993,80
aSem-D,5503,300,5303,141,3315,168,4960,80
aSem-D,5470,298,5293,140,3303,165,4929,81
aSem-D,5263,281,5274,101,3126,84,4670,56
aSem-D,5241,279,5281,101,3122,84,4650,61
aSem-D,5208,277,5272,100,3112,80,4620,61
aSem-D,5174,276,5260,99,3101,77,4588,61
aSem-D,5608,306,5335,144,3347,177,5056,79
aSem-D,6179,366,6120,183,3816,253,5746,125
aSem-D,6215,368,6130,184,3828,256,5781,124
aSem-D,6254,371,6142,185,3841,259,5817,124
aSem-D,5306,296,4888,143,3182,173,4792,85
aSem-D,5276,294,4876,143,3173,170,4764,86
aSem-D,5120,278,4918,112,3037,108,4562,70
aSem-D,5087,276,4906,112,3027,104,4532,69
aSem-D,5056,274,4896,110,3018,101,4504,70
aSem-D,5023,272,4884,109,3006,97,4474,70
aSem-D,4992,270,4874,107,2996,93,4445,71
aSem-D,5099,266,4943,122,3013,134,4510,68
aSem-D,5066,264,4931,121,3004,132,4480,68
aSem-D,5035,262,4921,120,2994,128,4451,68
aSem-D,5014,261,4926,119,2990,128,4434,73
aSem-D,4983,259,4915,118,2979,125,4405,73
aSem-D,6119,302,6336,287,3868,509,5641,193
aSem-D,6084,301,6327,287,3860,508,5610,194
aSem-D,6050,299,6318,286,3853,507,5581,196
aSem-D,6013,298,6308,285,3843,506,5547,196
aSem-D,5978,296,6299,285,3834,505,5516,198
aSem-D,6327,375,6162,187,3863,265,5886,123
aSem-D,6290,373,6151,187,3852,262,5851,123
aSem-D,5369,300,4908,145,3201,178,4849,84
aSem-D,5396,313,4893,156,3263,209,4937,94
aSem-L,3141,170,3969,275,1428,351,2586,224
aSem-L,3376,144,4854,177,1804,323,2762,81
aSem-L,4465,195,6418,406,2626,776,4053,288
aSem-L,4491,196,6432,408,2638,776,4078,287
aSem-L,4505,198,6433,409,2643,772,4092,282
aSem-L,4529,199,6446,410,2653,770,4115,281
aSem-L,4540,200,6441,410,2655,764,4124,275
aSem-L,3176,121,5292,136,1729,266,2485,84
aSem-L,3203,123,5314,138,1740,270,2506,84
aSem-L,3232,124,5338,139,1751,274,2531,85
aSem-L,3402,146,4871,181,1814,327,2786,81
aSem-L,3259,125,5360,141,1761,278,2553,84
aSem-L,3320,132,5461,146,1836,294,2632,97
aSem-L,3348,133,5482,148,1848,299,2655,96
aSem-L,3378,134,5506,150,1860,304,2680,97
aSem-L,3407,136,5529,152,1871,308,2704,97
aSem-L,3437,137,5552,154,1883,313,2730,98
aSem-L,3534,147,5665,167,1988,332,2847,102
aSem-L,3563,148,5687,170,2000,337,2872,101
aSem-L,3593,149,5711,171,2013,341,2899,103
aSem-L,3288,126,5384,143,1772,283,2577,85
aSem-L,4486,246,6495,345,2711,646,4161,190
aSem-L,4460,244,6482,342,2700,642,4135,192
aSem-L,4444,243,6480,341,2693,643,4118,195
aSem-L,3348,143,4835,176,1793,317,2736,80
aSem-L,3322,141,4817,173,1783,312,2713,81
aSem-L,3418,146,4875,181,1818,327,2799,78
aSem-L,3490,157,4942,196,1903,351,2918,94
aSem-L,3518,159,4958,199,1915,356,2943,94
aSem-L,3546,160,4980,201,1927,361,2970,95
aSem-L,3573,162,4997,204,1937,367,2995,94
aSem-L,3602,164,5017,206,1949,372,3023,95
aSem-L,3726,181,5130,232,2088,417,3216,115
aSem-L,3754,182,5149,235,2100,423,3243,115
aSem-L,3784,184,5168,238,2113,428,3272,116
aSem-L,3812,186,5185,241,2125,432,3299,115
aSem-L,3829,187,5187,242,2131,433,3314,111
aSem-L,3954,209,5474,271,2289,486,3541,139
aSem-L,3982,210,5492,274,2302,491,3569,139
aSem-L,4013,213,5510,277,2316,497,3599,140
aSem-L,4041,214,5526,279,2328,501,3627,139
aSem-L,4071,216,5544,282,2341,507,3656,139
aSem-L,4416,240,6464,338,2680,639,4090,196
aSem-L,3622,150,5734,173,2025,345,2923,102
aSem-L,3653,152,5758,175,2037,350,2949,103
aSem-L,4514,248,6512,347,2723,648,4189,190
aSem-L,3750,163,5944,186,2146,372,3075,116
aSem-L,3582,171,5013,205,2035,377,3058,131
aSem-L,3606,172,5032,208,2044,382,3080,131
aSem-L,3620,174,5036,209,2048,382,3089,127
aSem-L,3644,175,5055,211,2057,386,3111,127
aSem-L,3671,176,5074,212,2067,391,3133,128
aSem-L,3817,200,5207,244,2217,448,3365,161
aSem-L,3842,202,5224,246,2227,453,3387,160
aSem-L,3892,205,5261,250,2247,463,3432,160
aSem-L,3907,206,5263,251,2251,463,3443,156
aSem-L,3982,229,5497,269,2296,468,3565,185
aSem-L,4007,230,5512,272,2306,474,3587,185
aSem-L,4021,232,5514,273,2311,475,3599,181
aSem-L,4046,233,5529,276,2322,480,3623,180
aSem-L,4059,234,5529,276,2326,482,3634,176
aSem-L,3070,165,3938,262,1383,325,2512,231
aSem-L,3093,167,3953,266,1397,334,2535,231
aSem-L,3106,168,3953,269,1406,338,2548,227
aSem-L,3720,162,5921,183,2134,367,3049,116
aSem-L,3129,169,3968,273,1420,347,2572,227
aSem-L,3453,154,4986,184,1908,347,2870,117
aSem-L,3427,153,4966,183,1898,342,2848,116
aSem-L,3868,204,5244,248,2238,458,3410,160
aSem-L,3378,150,4925,179,1880,334,2806,115
aSem-L,3781,164,5968,187,2160,376,3103,117
aSem-L,3403,152,4947,181,1890,338,2828,116
aSem-L,3843,167,6012,192,2186,385,3156,117
aSem-L,3982,181,6400,209,2342,425,3332,143
aSem-L,4012,183,6422,211,2356,430,3359,143
aSem-L,4044,184,6446,212,2370,434,3387,143
aSem-L,4075,186,6467,215,2383,439,3414,143
aSem-L,4108,187,6490,216,2397,443,3443,144
aSem-L,4094,190,7350,225,2514,498,3489,177
aSem-L,4124,191,7371,227,2527,502,3515,177
aSem-L,3811,166,5989,190,2172,381,3128,117
aSem-L,4187,194,7414,231,2553,510,3569,176
aSem-L,4156,193,7394,229,2541,505,3543,177
aSem-L,3354,149,4905,177,1871,329,2786,116
aSem-L,3266,138,4944,163,1787,306,2662,102
aSem-L,3242,137,4924,161,1779,301,2642,102
aSem-L,3281,139,4950,164,1791,305,2671,98
aSem-L,3191,135,4881,157,1759,293,2601,101
aSem-L,4219,196,7437,232,2566,513,3597,176
aSem-L,3215,136,4902,159,1768,297,2620,101
aSem-M,5980,416,6145,322,3736,330,5324,106
aSem-M,8303,691,10193,784,5829,1144,8076,361
aSem-M,5941,414,6136,322,3723,329,5290,107
aSem-M,5904,411,6130,321,3711,326,5257,108
aSem-M,5878,409,6137,321,3705,329,5235,112
aSem-M,5841,406,6130,320,3692,327,5202,113
aSem-M,6073,442,6121,347,3837,333,5463,96
aSem-M,8346,695,10200,784,5843,1143,8119,360
aSem-M,8263,687,10187,784,5816,1146,8036,363
aSem-M,7049,632,6750,508,4413,626,6652,176
aSem-M,8178,678,10174,782,5786,1147,7951,366
aSem-M,7095,636,6759,510,4431,629,6696,176
aSem-M,7006,627,6742,505,4397,623,6610,177
aSem-M,6961,622,6732,504,4379,620,6565,178
aSem-M,6917,617,6723,501,4361,617,6522,179
aSem-M,6877,585,6240,454,4296,543,6369,136
aSem-M,6832,580,6230,452,4278,540,6325,136
aSem-M,6097,444,6127,348,3843,335,5482,95
aSem-M,8220,682,10180,783,5801,1146,7992,364
aSem-M,6108,445,6116,347,3840,332,5488,90
aSem-M,7323,544,9366,700,4957,782,6927,306
aSem-M,6152,450,6127,347,3847,340,5521,89
aSem-M,7344,546,9354,699,4959,779,6945,301
aSem-M,7289,541,9361,700,4947,780,6898,308
aSem-M,7253,539,9354,700,4935,777,6865,309
aSem-M,7219,537,9349,699,4924,775,6835,311
aSem-M,6995,601,7538,538,4481,565,6610,206
aSem-M,6958,597,7529,537,4469,563,6576,206
aSem-M,6922,594,7523,537,4457,561,6543,207
aSem-M,6885,591,7515,536,4443,558,6509,208
aSem-M,6850,587,7508,535,4431,556,6476,209
aSem-M,6766,561,6650,472,4284,521,6294,160
aSem-M,6728,558,6641,472,4271,519,6258,160
aSem-M,6692,554,6635,471,4259,517,6226,161
aSem-M,6654,551,6625,470,4245,515,6191,162
aSem-M,6618,547,6619,469,4232,513,6157,163
aSem-M,6461,507,6330,408,4076,440,5906,133
aSem-M,6423,503,6321,408,4062,438,5871,133
aSem-M,6386,500,6314,407,4050,435,5838,134
aSem-M,6361,497,6322,407,4044,438,5816,139
aSem-M,6325,494,6315,405,4030,435,5784,140
aSem-M,6130,448,6121,347,3843,335,5504,89
aSem-M,6746,571,6212,448,4243,533,6240,137
aSem-M,6790,576,6222,450,4262,537,6283,137
aSem-M,6566,533,5985,401,4075,454,5987,114
aSem-M,6658,628,5947,513,4163,568,6367,161
aSem-M,6618,624,5937,511,4148,564,6327,161
aSem-M,6579,619,5929,509,4133,560,6288,161
aSem-M,6538,614,5918,507,4116,555,6248,161
aSem-M,6501,609,5909,504,4100,552,6210,162
aSem-M,6255,539,5786,416,3893,425,5842,125
aSem-M,6213,534,5775,415,3876,420,5802,125
aSem-M,6175,530,5766,412,3862,417,5766,126
aSem-M,6134,526,5754,410,3844,412,5726,125
aSem-M,6096,522,5744,408,3829,408,5689,126
aSem-M,5873,464,5759,353,3658,344,5367,105
aSem-M,5846,461,5765,352,3650,345,5343,109
aSem-M,5808,457,5756,350,3635,341,5308,110
aSem-M,5769,453,5744,349,3619,337,5271,110
aSem-M,5731,450,5733,346,3604,333,5237,111
aSem-M,5590,411,5833,303,3472,290,5015,100
aSem-M,5512,405,5810,299,3442,281,4944,100
aSem-M,5472,402,5797,298,3426,277,4908,100
aSem-M,5435,399,5786,295,3410,272,4873,100
aSem-M,7025,728,6554,617,4424,636,6854,206
aSem-M,7063,734,6562,619,4439,641,6893,205
aSem-M,7088,739,6553,621,4448,639,6918,200
aSem-M,7125,744,6560,623,4462,644,6957,199
aSem-M,6522,529,5976,399,4058,451,5945,114
aSem-M,6480,525,5967,397,4042,448,5905,115
aSem-M,6450,521,5975,396,4032,449,5876,119
aSem-M,6407,517,5966,393,4014,446,5836,120
aSem-M,6170,467,5820,341,3801,369,5519,99
aSem-M,6126,463,5809,339,3785,366,5477,99
aSem-M,6085,459,5800,337,3770,362,5439,100
aSem-M,6043,455,5788,335,3752,358,5397,99
aSem-M,6001,452,5778,332,3735,354,5358,100
aSem-M,6703,567,6202,445,4226,530,6198,138
aSem-M,5880,419,5784,302,3605,319,5176,92
aSem-M,5797,413,5765,298,3575,312,5100,92
aSem-M,5755,409,5752,297,3557,308,5061,92
aSem-M,5715,406,5743,295,3542,304,5023,92
aSem-M,8258,879,9740,754,5138,419,7968,256
aSem-M,8240,875,9754,754,5133,419,7948,261
aSem-M,8207,870,9750,752,5121,412,7913,263
aSem-M,8170,865,9742,750,5106,405,7874,263
aSem-M,8136,860,9738,747,5092,397,7838,265
aSem-M,7164,750,6569,625,4478,648,6996,199
aSem-M,5839,416,5775,301,3590,315,5137,92
aSem-M,5550,408,5820,301,3456,285,4978,100
rGed-D,3957,159,4645,115,2453,217,3440,136
rGed-D,4039,198,3279,25,2326,15,4238,44
rGed-D,4208,221,4871,32,2451,40,3686,64
rGed-D,4175,211,4842,30,2379,42,3617,61
rGed-D,4148,209,4824,29,2372,39,3594,61
rGed-D,4123,208,4808,27,2365,36,3572,61
rGed-D,4097,207,4791,25,2357,33,3549,61
rGed-D,4072,206,4776,23,2350,30,3528,61
rGed-D,4229,274,1749,202,1856,61,3579,103
rGed-D,4233,272,1759,199,1859,59,3586,106
rGed-D,4233,222,4886,34,2458,43,3708,64
rGed-D,4223,270,1756,194,1854,50,3577,107
rGed-D,4214,266,1760,185,1850,38,3572,110
rGed-D,4016,284,2923,103,2292,33,4220,64
rGed-D,4000,283,2917,101,2289,25,4211,64
rGed-D,3987,281,2913,98,2287,17,4203,64
rGed-D,3986,279,2923,96,2292,15,4208,68
rGed-D,3973,278,2919,94,2289,7,4200,68
rGed-D,4016,284,2923,103,2292,33,4220,64
rGed-D,4000,283,2917,101,2289,25,4211,64
rGed-D,4225,268,1765,190,1856,47,3583,110
rGed-D,3987,281,2913,98,2287,17,4203,64
rGed-D,4260,223,4904,35,2466,46,3730,64
rGed-D,4313,226,4935,39,2480,52,3774,64
rGed-D,3936,158,4632,114,2452,217,3425,137
rGed-D,3913,157,4617,113,2449,216,3408,137
rGed-D,3890,157,4603,111,2446,215,3393,138
rGed-D,5069,285,6204,79,3139,132,4654,129
rGed-D,5053,284,6205,78,3139,133,4643,133
rGed-D,5026,283,6190,76,3133,130,4620,134
rGed-D,4997,282,6174,75,3125,127,4596,135
rGed-D,4969,281,6159,73,3119,125,4574,136
rGed-D,4285,224,4918,37,2473,49,3751,64
rGed-D,4733,267,5456,65,2812,98,4282,97
rGed-D,4676,264,5424,61,2796,92,4235,98
rGed-D,4647,262,5407,60,2786,89,4210,97
rGed-D,4620,261,5391,58,2778,86,4187,98
rGed-D,4522,246,5167,55,2642,87,4025,89
rGed-D,4494,245,5149,54,2634,84,4001,88
rGed-D,4467,244,5134,51,2627,81,3979,89
rGed-D,4440,242,5117,50,2618,78,3954,88
rGed-D,4414,241,5101,48,2609,76,3932,89
rGed-D,4704,266,5439,63,2804,95,4258,97
rGed-D,3969,159,4644,115,2449,215,3444,131
rGed-D,3986,279,2923,96,2292,15,4208,68
rGed-D,3894,249,2965,82,2228,31,4127,55
rGed-D,4743,259,3959,74,2908,91,5170,66
rGed-D,4475,248,3580,67,2654,82,4830,51
rGed-D,4457,246,3572,65,2651,77,4817,50
rGed-D,4442,245,3568,63,2650,73,4807,51
rGed-D,4438,244,3576,62,2653,72,4808,55
rGed-D,4422,242,3570,59,2652,67,4797,56
rGed-D,4228,226,3390,41,2463,47,4507,45
rGed-D,4210,225,3382,39,2460,42,4494,44
rGed-D,4758,260,3963,76,2909,95,5180,65
rGed-D,4195,223,3377,36,2458,38,4483,45
rGed-D,4162,220,3364,32,2453,28,4458,45
rGed-D,4130,212,3307,31,2379,25,4357,39
rGed-D,4114,210,3300,29,2377,20,4346,38
rGed-D,4099,209,3296,26,2375,15,4335,39
rGed-D,4082,208,3288,24,2372,11,4321,39
rGed-D,4066,206,3282,21,2369,6,4309,40
rGed-D,4055,200,3273,29,2320,21,4245,39
rGed-D,4053,199,3283,28,2325,20,4248,43
rGed-D,4178,222,3369,34,2455,33,4470,44
rGed-D,3909,251,2971,84,2231,38,4137,56
rGed-D,4776,262,3970,78,2911,100,5192,65
rGed-D,4808,265,3981,82,2913,109,5212,64
rGed-D,3881,248,2960,79,2226,24,4118,55
rGed-D,3863,246,2951,77,2222,16,4105,54
rGed-D,3851,244,2949,75,2221,10,4099,55
rGed-D,3893,229,3026,73,2221,46,4119,50
rGed-D,3877,227,3020,71,2219,40,4109,50
rGed-D,3864,226,3016,69,2218,34,4100,50
rGed-D,3847,224,3009,66,2214,27,4090,50
rGed-D,3833,223,3004,64,2212,21,4080,50
rGed-D,4791,263,3974,81,2911,104,5201,64
rGed-D,3784,194,3063,54,2143,34,3933,42
rGed-D,3757,192,3053,49,2142,24,3916,43
rGed-D,3740,190,3045,47,2139,18,3904,42
rGed-D,3726,189,3041,44,2137,13,3894,42
rGed-D,5759,262,4875,85,3448,139,6055,75
rGed-D,5747,260,4870,83,3453,135,6052,75
rGed-D,5736,259,4869,81,3460,130,6052,76
rGed-D,5737,259,4879,80,3471,130,6064,80
rGed-D,5725,257,4876,78,3476,126,6061,81
rGed-D,3770,193,3058,52,2142,28,3923,42
rGed-D,3973,278,2919,94,2289,7,4200,68
rGed-D,4006,195,3264,20,2320,6,4211,44
rGed-D,4022,197,3271,23,2322,11,4224,43
rGed-L,1856,78,4832,63,1049,133,1453,113
rGed-L,1864,69,3615,166,854,237,1427,173
rGed-L,1879,70,3633,167,862,243,1441,173
rGed-L,1886,71,3641,168,865,243,1445,170
rGed-L,1901,71,3658,170,873,249,1459,170
rGed-L,1907,71,3663,171,876,249,1463,166
rGed-L,1350,42,4537,7,652,17,838,29
rGed-L,1369,43,4561,10,660,21,853,29
rGed-L,1390,44,4585,11,669,26,869,30
rGed-L,1769,62,5214,30,913,74,1185,48
rGed-L,1431,45,4633,15,685,35,902,31
rGed-L,1494,48,4761,16,736,36,955,35
rGed-L,1514,49,4785,19,744,40,971,35
rGed-L,1535,50,4811,20,753,45,987,36
rGed-L,1555,50,4836,23,761,50,1003,37
rGed-L,1577,51,4861,24,770,54,1021,38
rGed-L,1643,55,4981,25,827,56,1078,40
rGed-L,1663,56,5007,27,835,60,1093,40
rGed-L,1685,56,5033,29,844,65,1111,41
rGed-L,1850,77,4824,62,1049,133,1450,116
rGed-L,1409,44,4608,14,676,30,884,30
rGed-L,1835,77,4804,60,1043,128,1439,116
rGed-L,1807,76,4761,57,1032,118,1417,115
rGed-L,1361,45,4322,25,718,50,941,52
rGed-L,1376,46,4347,26,723,53,952,53
rGed-L,1390,46,4367,28,728,56,962,53
rGed-L,1406,46,4389,29,733,60,973,54
rGed-L,1449,51,4454,29,782,61,1028,63
rGed-L,1463,51,4476,31,786,65,1038,63
rGed-L,1470,52,4487,31,787,65,1040,60
rGed-L,1484,52,4509,33,791,69,1049,60
rGed-L,1500,52,4532,34,796,72,1061,61
rGed-L,1623,59,4591,45,896,94,1194,78
rGed-L,1636,60,4614,47,900,98,1204,78
rGed-L,1652,60,4637,48,905,101,1215,79
rGed-L,1666,60,4659,49,910,106,1225,80
rGed-L,1673,60,4669,50,909,105,1227,76
rGed-L,1696,66,4713,47,959,103,1284,94
rGed-L,1710,66,4735,48,964,107,1294,94
rGed-L,1715,67,4744,49,964,108,1296,90
rGed-L,1730,67,4766,51,968,112,1306,90
rGed-L,1745,68,4789,52,973,116,1317,92
rGed-L,1821,77,4781,59,1037,123,1427,115
rGed-L,1705,57,5057,31,852,69,1126,42
rGed-L,1727,58,5083,33,861,74,1144,42
rGed-L,1790,63,5241,33,921,79,1201,48
rGed-L,1871,68,4664,39,958,80,1324,66
rGed-L,1891,68,4685,41,965,84,1338,66
rGed-L,1901,69,4695,42,968,85,1346,63
rGed-L,1921,70,4716,44,975,89,1361,63
rGed-L,1941,70,4738,45,982,92,1377,64
rGed-L,1907,72,4771,36,995,85,1375,80
rGed-L,1926,72,4793,39,1002,90,1391,80
rGed-L,1937,73,4802,40,1005,90,1398,76
rGed-L,1702,59,4572,21,835,37,1147,43
rGed-L,1956,74,4822,42,1012,94,1414,77
rGed-L,1912,76,4867,45,1030,140,1430,112
rGed-L,1932,77,4887,47,1038,144,1446,112
rGed-L,1943,77,4895,48,1041,145,1455,109
rGed-L,1963,78,4914,51,1049,148,1472,108
rGed-L,1985,79,4935,52,1058,152,1490,109
rGed-L,1901,68,3415,132,972,254,1558,161
rGed-L,1918,69,3431,133,980,255,1572,160
rGed-L,1936,70,3448,134,989,257,1589,161
rGed-L,1978,74,4844,43,1020,99,1432,77
rGed-L,1682,58,4550,19,827,33,1131,42
rGed-L,1662,58,4529,17,820,28,1115,42
rGed-L,1652,57,4521,16,817,27,1109,45
rGed-L,1813,64,5267,34,931,83,1219,49
rGed-L,1834,65,5292,37,939,88,1236,49
rGed-L,1857,65,5319,38,948,92,1254,50
rGed-L,1942,71,5646,41,1039,109,1340,65
rGed-L,1963,72,5671,44,1048,114,1357,65
rGed-L,1987,73,5699,45,1057,118,1376,66
rGed-L,2008,74,5723,47,1066,122,1392,66
rGed-L,2021,74,5735,49,1069,123,1401,62
rGed-L,1611,62,5303,11,859,43,1099,46
rGed-L,1632,62,5327,14,868,47,1116,46
rGed-L,1654,63,5351,15,877,51,1134,47
rGed-L,1674,64,5375,18,885,55,1150,47
rGed-L,1688,64,5384,19,889,57,1159,43
rGed-L,1522,51,4338,8,738,7,994,37
rGed-L,1540,52,4359,11,745,11,1009,37
rGed-L,1559,52,4380,12,753,16,1024,38
rGed-L,1578,53,4400,15,759,21,1038,38
rGed-L,1589,53,4408,15,762,22,1045,35
rGed-L,1634,57,4499,14,810,22,1094,45
rGed-L,1347,45,4300,23,713,47,931,52
rGed-L,1954,71,3464,136,996,259,1604,161
rGed-L,1963,71,3466,136,1000,257,1611,157
rGed-M,5734,507,3295,612,2882,236,5190,213
rGed-M,4492,432,5089,204,2732,303,4353,145
rGed-M,4513,435,5100,206,2738,308,4373,144
rGed-M,4927,474,4601,240,2855,205,4722,105
rGed-M,4943,477,4606,242,2857,209,4736,103
rGed-M,4953,479,4605,242,2855,212,4742,97
rGed-M,4971,481,4614,245,2860,219,4759,96
rGed-M,4982,484,4616,247,2862,222,4767,95
rGed-M,4705,347,5164,249,2901,370,4380,104
rGed-M,4471,429,5077,201,2726,297,4334,146
rGed-M,4736,349,5179,253,2913,375,4409,104
rGed-M,4799,355,5211,259,2939,384,4469,103
rGed-M,4833,358,5227,262,2951,389,4500,104
rGed-M,4817,369,5251,261,2967,374,4499,113
rGed-M,4845,372,5266,265,2979,378,4527,113
rGed-M,4863,375,5266,267,2986,379,4545,109
rGed-M,4892,378,5282,270,2997,384,4573,108
rGed-M,4922,381,5299,273,3010,389,4603,109
rGed-M,5010,407,5416,280,3121,405,4743,123
rGed-M,4768,352,5196,256,2926,380,4440,104
rGed-M,4461,427,5082,200,2725,296,4327,150
rGed-M,4440,424,5072,197,2717,291,4306,152
rGed-M,4579,395,5174,205,2795,348,4385,136
rGed-M,3975,266,4895,105,2378,146,3570,73
rGed-M,3997,268,4911,108,2385,150,3590,73
rGed-M,4008,270,4911,109,2386,151,3598,69
rGed-M,4030,272,4926,112,2392,155,3617,69
rGed-M,4054,273,4944,114,2399,160,3637,70
rGed-M,4195,300,4997,142,2535,223,3853,99
rGed-M,4216,302,5012,145,2542,228,3872,100
rGed-M,4240,304,5029,146,2550,233,3892,101
rGed-M,4261,306,5043,149,2556,238,3910,100
rGed-M,4273,308,5043,151,2556,239,3917,97
rGed-M,4424,339,5056,174,2689,264,4133,106
rGed-M,4447,341,5071,177,2696,269,4154,105
rGed-M,4471,344,5087,179,2705,274,4176,106
rGed-M,4493,346,5100,181,2711,278,4195,106
rGed-M,4516,348,5116,183,2719,283,4216,106
rGed-M,4486,384,5120,195,2763,327,4299,137
rGed-M,4509,387,5133,198,2771,332,4320,137
rGed-M,4533,390,5148,200,2780,338,4343,137
rGed-M,4555,393,5160,203,2787,343,4363,136
rGed-M,5039,410,5431,284,3134,411,4772,123
rGed-M,5072,414,5448,287,3149,417,4805,123
rGed-M,5103,417,5464,291,3161,422,4835,123
rGed-M,5122,420,5463,293,3168,423,4853,119
rGed-M,4577,382,5062,298,2801,346,4453,122
rGed-M,4602,385,5078,300,2810,351,4477,122
rGed-M,4844,442,5109,359,3012,412,4855,134
rGed-M,4867,445,5121,362,3020,417,4878,133
rGed-M,4892,448,5135,364,3030,422,4902,134
rGed-M,4916,451,5147,367,3037,427,4924,133
rGed-M,4927,454,5144,368,3039,427,4934,129
rGed-M,5168,515,5315,435,3261,518,5318,184
rGed-M,5192,519,5326,438,3269,523,5341,184
rGed-M,5218,522,5339,440,3279,529,5366,184
rGed-M,5241,525,5350,443,3286,534,5389,183
rGed-M,5251,528,5345,444,3287,534,5398,178
rGed-M,5326,568,5233,463,3293,406,5481,202
rGed-M,5350,571,5243,466,3301,413,5505,201
rGed-M,5360,574,5239,468,3304,415,5516,197
rGed-M,5383,577,5248,471,3312,422,5538,196
rGed-M,5393,580,5242,473,3313,424,5547,192
rGed-M,5670,498,3246,596,2830,198,5114,197
rGed-M,5698,502,3276,603,2852,218,5146,204
rGed-M,4553,380,5048,295,2793,341,4431,122
rGed-M,5798,514,3360,618,2929,260,5265,239
rGed-M,4541,377,5048,293,2790,340,4420,126
rGed-M,4487,354,5157,283,2768,400,4314,152
rGed-M,5343,461,5875,330,3393,509,5164,163
rGed-M,5373,465,5887,334,3405,514,5194,162
rGed-M,5406,468,5902,337,3420,519,5226,162
rGed-M,5438,472,5916,340,3432,524,5257,161
rGed-M,5471,475,5932,343,3446,529,5290,160
rGed-M,5683,479,6656,370,3713,608,5540,191
rGed-M,5715,482,6672,373,3725,612,5571,190
rGed-M,5748,485,6687,376,3739,616,5602,190
rGed-M,5779,488,6701,379,3750,620,5632,189
rGed-M,5813,491,6717,382,3763,624,5664,189
rGed-M,4860,317,6051,403,3347,759,4686,238
rGed-M,4889,319,6066,405,3356,761,4711,237
rGed-M,4920,321,6082,406,3366,762,4738,237
rGed-M,4949,322,6096,408,3374,762,4762,235
rGed-M,4980,324,6113,409,3382,762,4788,235
rGed-M,4383,344,5097,272,2729,380,4215,153
rGed-M,4409,347,5111,275,2739,385,4240,152
rGed-M,4436,349,5127,278,2749,391,4266,153
rGed-M,4461,352,5141,281,2758,396,4289,152
rGed-M,4517,375,5034,290,2781,335,4396,127
rGed-M,5754,511,3298,608,2887,234,5213,207
rTir-D,5454,276,4998,69,3050,111,5066,65
rTir-D,5316,311,5915,95,3208,173,4855,115
rTir-D,4799,242,5557,79,2854,145,4266,102
rTir-D,4704,230,5354,70,2720,114,4122,80
rTir-D,4671,229,5337,68,2709,109,4094,79
rTir-D,4642,227,5321,65,2701,105,4068,80
rTir-D,4610,226,5303,63,2690,102,4039,79
rTir-D,4580,224,5288,60,2681,97,4013,79
rTir-D,5997,302,6952,270,3899,522,5609,251
rTir-D,5963,301,6937,268,3892,522,5580,252
rTir-D,4829,243,5572,83,2864,149,4293,102
rTir-D,5930,299,6923,266,3886,521,5551,253
rTir-D,5874,297,6911,263,3876,523,5506,260
rTir-D,5682,340,6616,127,3485,243,5290,151
rTir-D,5646,338,6600,125,3473,239,5257,151
rTir-D,5612,337,6587,122,3463,235,5226,152
rTir-D,5575,335,6572,120,3450,231,5192,152
rTir-D,5540,333,6558,117,3439,227,5161,153
rTir-D,5408,317,5943,102,3236,182,4939,110
rTir-D,5386,315,5945,100,3231,182,4918,115
rTir-D,5907,299,6925,265,3884,524,5534,258
rTir-D,5352,313,5931,97,3221,177,4887,115
rTir-D,4862,245,5590,85,2875,154,4322,102
rTir-D,4914,248,5606,89,2887,158,4366,98
rTir-D,5684,220,7712,237,3766,472,5198,241
rTir-D,5655,219,7695,236,3763,472,5177,242
rTir-D,5628,218,7681,234,3762,473,5157,244
rTir-D,5291,270,7066,108,3233,181,4839,153
rTir-D,5257,268,7050,106,3223,177,4810,153
rTir-D,5225,267,7035,103,3214,173,4782,154
rTir-D,5189,265,7017,101,3203,168,4752,154
rTir-D,5157,264,7001,98,3193,164,4723,155
rTir-D,4893,246,5605,88,2884,158,4349,102
rTir-D,5145,266,6231,97,3087,167,4647,119
rTir-D,5081,263,6200,92,3068,158,4591,120
rTir-D,5048,261,6181,90,3056,154,4560,120
rTir-D,5016,259,6166,87,3045,149,4532,120
rTir-D,5010,256,5833,88,2970,149,4485,100
rTir-D,4977,254,5816,86,2960,145,4456,99
rTir-D,4946,252,5801,83,2951,140,4429,100
rTir-D,4913,251,5783,80,2939,136,4399,99
rTir-D,4882,249,5767,78,2929,132,4371,100
rTir-D,5112,264,6214,95,3076,163,4618,119
rTir-D,5282,309,5900,92,3196,169,4824,115
rTir-D,5152,291,5560,81,3051,143,4634,91
rTir-D,5117,289,5545,79,3039,139,4602,91
rTir-D,6192,361,5541,110,3564,203,5939,98
rTir-D,6156,358,5526,107,3553,198,5905,98
rTir-D,6122,356,5514,105,3542,194,5874,98
rTir-D,6086,354,5500,103,3530,189,5840,98
rTir-D,6051,351,5487,100,3518,185,5808,99
rTir-D,5854,319,5184,95,3308,173,5522,83
rTir-D,5819,317,5170,93,3297,169,5490,83
rTir-D,5786,315,5157,91,3287,165,5459,83
rTir-D,6371,382,6210,116,3830,235,6186,130
rTir-D,5750,313,5142,89,3275,160,5426,83
rTir-D,5630,293,5031,81,3139,137,5258,68
rTir-D,5596,292,5016,79,3129,133,5226,67
rTir-D,5564,290,5003,76,3120,128,5197,68
rTir-D,5530,288,4988,74,3109,124,5165,67
rTir-D,5497,286,4975,72,3098,119,5135,68
rTir-D,5553,281,5042,75,3079,123,5156,66
rTir-D,5519,279,5027,73,3070,120,5126,66
rTir-D,5488,278,5013,71,3061,116,5097,66
rTir-D,5716,311,5129,86,3263,155,5395,83
rTir-D,6407,385,6222,119,3842,239,6219,130
rTir-D,6445,387,6237,121,3855,244,6253,130
rTir-D,6480,389,6248,124,3865,248,6285,129
rTir-D,5084,287,5530,76,3029,135,4572,91
rTir-D,5050,285,5514,74,3016,130,4540,91
rTir-D,5017,283,5499,71,3005,126,4510,91
rTir-D,4919,265,5399,60,2876,96,4343,75
rTir-D,4898,263,5400,58,2872,95,4326,79
rTir-D,4866,262,5387,55,2863,90,4297,80
rTir-D,4833,260,5370,53,2851,86,4267,79
rTir-D,4800,258,5355,50,2840,81,4238,79
rTir-D,4821,249,5330,58,2799,91,4213,71
rTir-D,4788,247,5313,56,2789,87,4184,71
rTir-D,4757,245,5298,53,2779,83,4155,71
rTir-D,4724,244,5281,51,2769,78,4125,70
rTir-D,4693,242,5266,48,2758,74,4098,71
rTir-D,6676,355,7706,117,4311,289,6390,160
rTir-D,6641,353,7693,115,4303,285,6359,160
rTir-D,6607,352,7680,112,4297,282,6331,161
rTir-D,6570,350,7666,110,4287,279,6299,162
rTir-D,6535,349,7654,107,4279,275,6268,163
rTir-D,6502,391,6245,125,3868,248,6304,124
rTir-D,5710,220,7726,238,3766,471,5217,239
rTir-D,5726,220,7725,239,3760,467,5226,234
rTir-D,5423,274,4985,66,3040,107,5037,66
rTir-L,1506,53,3961,43,809,43,1075,40
rTir-L,3161,119,5687,335,1983,605,2670,204
rTir-L,3177,120,5704,336,1986,605,2681,203
rTir-L,3195,120,5723,336,1989,604,2692,203
rTir-L,2087,92,4262,79,1155,104,1606,50
rTir-L,2105,93,4283,82,1162,108,1620,50
rTir-L,2125,94,4305,83,1170,112,1636,52
rTir-L,2142,94,4326,86,1177,116,1649,51
rTir-L,2161,95,4347,88,1184,121,1665,53
rTir-L,3143,119,5666,335,1979,605,2658,204
rTir-L,2130,103,4457,85,1200,137,1660,89
rTir-L,2169,105,4500,90,1217,148,1692,90
rTir-L,2189,106,4522,93,1225,153,1708,90
rTir-L,2211,107,4545,95,1235,160,1727,92
rTir-L,2463,120,4731,119,1456,200,1985,75
rTir-L,2485,121,4751,122,1467,204,2004,74
rTir-L,2512,122,4774,124,1479,208,2027,76
rTir-L,2538,123,4795,127,1491,212,2049,77
rTir-L,2564,125,4816,129,1503,216,2072,77
rTir-L,2149,104,4478,88,1207,142,1675,89
rTir-L,3126,118,5647,334,1975,605,2648,205
rTir-L,2262,100,5025,139,1314,224,1805,132
rTir-L,2244,99,5004,138,1308,219,1792,132
rTir-L,1565,54,4040,50,829,56,1117,42
rTir-L,1652,59,4150,54,899,58,1205,49
rTir-L,1666,59,4170,55,903,61,1215,48
rTir-L,1682,60,4192,57,909,64,1227,50
rTir-L,1697,60,4211,59,913,68,1237,50
rTir-L,1713,60,4232,61,919,71,1248,51
rTir-L,1778,67,4283,67,978,78,1324,62
rTir-L,1793,67,4303,69,983,81,1335,62
rTir-L,1800,67,4311,70,984,82,1337,58
rTir-L,1815,68,4331,72,988,85,1348,58
rTir-L,1831,68,4353,74,994,88,1360,59
rTir-L,1912,80,4561,90,1084,138,1466,103
rTir-L,1927,80,4580,92,1090,142,1477,103
rTir-L,1943,80,4603,94,1096,145,1488,104
rTir-L,1959,81,4622,96,1101,150,1500,104
rTir-L,1977,81,4644,98,1108,154,1513,105
rTir-L,2204,98,4956,132,1297,212,1767,136
rTir-L,2220,99,4977,134,1302,216,1779,135
rTir-L,2228,99,4984,135,1303,216,1781,132
rTir-L,2709,136,5099,141,1614,225,2225,89
rTir-L,1520,53,3980,45,814,46,1085,40
rTir-L,2728,137,5119,143,1621,229,2240,88
rTir-L,2748,139,5141,145,1630,232,2257,89
rTir-L,2085,112,3582,108,1130,133,1670,65
rTir-L,2091,112,3584,109,1131,133,1672,62
rTir-L,2104,113,3598,111,1136,138,1682,62
rTir-L,2120,114,3614,112,1142,143,1694,63
rTir-L,2166,129,3541,114,1160,110,1756,54
rTir-L,2179,130,3557,117,1166,116,1766,54
rTir-L,2194,131,3575,119,1173,124,1779,56
rTir-L,2206,132,3589,121,1178,130,1788,56
rTir-L,2212,133,3592,123,1180,132,1791,54
rTir-L,2422,164,3678,171,1343,235,2035,108
rTir-L,2438,165,3691,174,1351,240,2049,108
rTir-L,2443,166,3689,175,1351,240,2051,104
rTir-L,2456,167,3698,176,1356,243,2060,102
rTir-L,2471,168,3711,178,1363,249,2074,102
rTir-L,2458,188,3399,169,1259,118,1973,95
rTir-L,2474,189,3411,172,1268,126,1988,95
rTir-L,2479,190,3409,174,1271,127,1991,92
rTir-L,2492,191,3418,176,1278,134,2003,91
rTir-L,2508,192,3429,178,1287,141,2019,91
rTir-L,2071,111,3567,105,1125,128,1660,65
rTir-L,1549,54,4021,48,824,52,1106,41
rTir-L,2016,98,3548,97,1077,112,1580,40
rTir-L,1988,97,3515,93,1067,102,1558,38
rTir-L,2767,139,5159,147,1637,235,2273,88
rTir-L,2788,140,5180,148,1644,237,2289,89
rTir-L,2921,151,5681,160,1777,257,2438,102
rTir-L,2941,152,5699,162,1784,260,2454,102
rTir-L,2962,154,5721,164,1793,262,2471,102
rTir-L,2981,154,5738,165,1800,266,2487,102
rTir-L,3002,156,5757,166,1807,268,2504,102
rTir-L,2607,111,4903,199,1564,380,2138,143
rTir-L,2625,112,4920,201,1569,381,2150,143
rTir-L,2634,112,4924,201,1569,378,2154,139
rTir-L,2650,113,4939,202,1573,379,2165,138
rTir-L,2669,114,4956,203,1579,380,2180,139
rTir-L,1871,89,3492,83,1027,106,1469,53
rTir-L,1885,89,3507,85,1031,110,1478,53
rTir-L,1901,89,3524,86,1037,114,1491,54
rTir-L,1915,90,3539,89,1041,118,1500,53
rTir-L,1931,91,3555,90,1047,122,1512,54
rTir-L,1969,96,3496,89,1062,95,1548,40
rTir-L,1982,96,3511,92,1067,100,1557,41
rTir-L,2001,98,3530,95,1071,107,1567,39
rTir-L,1535,53,4000,46,819,49,1096,41
rTir-M,4749,333,5261,173,2917,214,4343,90
rTir-M,6124,609,4747,624,3161,241,5480,228
rTir-M,6577,613,7024,560,4042,745,6400,315
rTir-M,6624,617,7034,566,4062,757,6446,314
rTir-M,6675,622,7049,572,4086,769,6498,315
rTir-M,6724,627,7061,578,4107,780,6548,315
rTir-M,6777,631,7074,584,4131,792,6603,315
rTir-M,4278,266,5160,116,2581,140,3751,79
rTir-M,4308,268,5176,118,2592,144,3777,79
rTir-M,4339,270,5193,121,2605,149,3806,79
rTir-M,5877,562,6134,316,3623,357,5731,152
rTir-M,4369,272,5209,124,2615,154,3832,79
rTir-M,4421,290,5268,124,2696,163,3928,86
rTir-M,4452,292,5284,127,2708,168,3955,86
rTir-M,4484,294,5302,129,2721,173,3985,87
rTir-M,4516,296,5317,132,2732,178,4012,86
rTir-M,4537,298,5317,134,2738,179,4029,83
rTir-M,4665,320,5393,150,2862,195,4192,88
rTir-M,4696,322,5409,153,2875,200,4220,88
rTir-M,4729,324,5427,156,2888,205,4250,89
rTir-M,4401,274,5227,126,2626,158,3860,79
rTir-M,5847,558,6121,314,3612,351,5704,151
rTir-M,5819,555,6110,311,3603,346,5677,152
rTir-M,5790,552,6097,310,3592,339,5650,151
rTir-M,4722,331,5246,170,2907,209,4317,91
rTir-M,4795,337,5275,177,2931,217,4384,86
rTir-M,4825,340,5291,179,2941,221,4411,87
rTir-M,4623,351,4972,147,2743,106,4237,76
rTir-M,4651,354,4988,150,2754,111,4263,76
rTir-M,4668,356,4987,151,2759,112,4279,72
rTir-M,4696,359,5000,154,2769,117,4304,71
rTir-M,4725,361,5016,156,2780,122,4331,72
rTir-M,5214,440,5278,255,3210,366,5007,149
rTir-M,5249,443,5291,259,3225,371,5042,148
rTir-M,5274,447,5289,261,3234,371,5067,144
rTir-M,5311,450,5300,265,3248,375,5102,142
rTir-M,5350,454,5316,268,3265,379,5142,142
rTir-M,5688,501,5304,274,3471,268,5520,37
rTir-M,5764,510,5370,283,3522,287,5604,61
rTir-M,5798,514,5374,285,3536,285,5639,59
rTir-M,5839,518,5389,286,3551,284,5679,60
rTir-M,5872,521,5399,285,3558,279,5708,59
rTir-M,5762,548,6085,307,3582,334,5624,152
rTir-M,4760,327,5442,158,2899,210,4279,89
rTir-M,4767,335,5261,174,2922,213,4358,87
rTir-M,4793,329,5460,161,2912,215,4308,89
rTir-M,5007,368,5557,192,3096,261,4582,106
rTir-M,4582,375,5388,211,2839,195,4307,121
rTir-M,4608,378,5403,214,2848,201,4330,121
rTir-M,4623,380,5402,215,2851,202,4341,117
rTir-M,4648,382,5415,218,2859,207,4364,117
rTir-M,4674,385,5430,220,2868,213,4387,117
rTir-M,4773,440,5437,255,2943,224,4605,143
rTir-M,4799,443,5450,259,2952,230,4629,142
rTir-M,4827,446,5464,261,2964,237,4655,143
rTir-M,4499,338,5423,189,2755,181,4133,105
rTir-M,4853,449,5477,264,2972,243,4679,142
rTir-M,5132,531,5485,338,3130,231,5071,164
rTir-M,5158,534,5495,341,3140,238,5096,163
rTir-M,5171,537,5491,342,3143,240,5108,159
rTir-M,5197,541,5501,345,3151,247,5132,158
rTir-M,5210,544,5495,347,3153,248,5144,154
rTir-M,6062,600,4736,613,3135,215,5413,234
rTir-M,6088,603,4745,617,3147,226,5441,233
rTir-M,6100,606,4738,620,3151,230,5454,229
rTir-M,4868,452,5473,265,2975,244,4690,138
rTir-M,4472,336,5407,187,2746,176,4110,105
rTir-M,4448,333,5392,185,2738,171,4088,105
rTir-M,4421,331,5376,183,2727,165,4064,104
rTir-M,5042,371,5574,194,3111,265,4614,107
rTir-M,5073,374,5589,197,3123,270,4643,106
rTir-M,5108,377,5604,199,3136,275,4674,106
rTir-M,5340,424,5764,228,3349,317,4989,120
rTir-M,5374,427,5778,231,3363,322,5021,120
rTir-M,5410,430,5795,234,3378,327,5054,120
rTir-M,5443,433,5808,237,3390,332,5085,119
rTir-M,5492,437,5840,240,3411,341,5132,124
rTir-M,5711,492,6126,262,3587,351,5448,134
rTir-M,5745,496,6140,265,3600,356,5481,133
rTir-M,5781,499,6155,268,3615,360,5516,133
rTir-M,5816,503,6168,271,3628,364,5547,132
rTir-M,5852,506,6183,272,3642,369,5581,132
rTir-M,4211,292,5352,142,2581,107,3788,95
rTir-M,4236,294,5368,145,2589,112,3809,95
rTir-M,4263,296,5385,147,2599,118,3832,96
rTir-M,4287,298,5400,150,2606,123,3853,95
rTir-M,4301,300,5400,151,2609,124,3865,91
rTir-M,4396,329,5361,180,2719,160,4042,105
rTir-M,4976,366,5542,189,3084,256,4553,107
rTir-M,6134,612,4739,626,3165,245,5492,224
