NAMA,MQ135,MQ138,MQ136,MQ2,MQ3,MQ6,MQ5,MQ7
aSem-L,3141,1428,2586,170,3969,275,224,351
aSem-L,3129,1420,2572,169,3968,273,227,347
aSem-L,3106,1406,2548,168,3953,269,227,338
aSem-L,3093,1397,2535,167,3953,266,231,334
aSem-L,3070,1383,2512,165,3938,262,231,325
aSem-L,4059,2326,3634,234,5529,276,176,482
aSem-L,4046,2322,3623,233,5529,276,180,480
aSem-L,4021,2311,3599,232,5514,273,181,475
aSem-L,4007,2306,3587,230,5512,272,185,474
aSem-L,3982,2296,3565,229,5497,269,185,468
aSem-L,3907,2251,3443,206,5263,251,156,463
aSem-L,3892,2247,3432,205,5261,250,160,463
aSem-L,3868,2238,3410,204,5244,248,160,458
aSem-L,3842,2227,3387,202,5224,246,160,453
aSem-L,3817,2217,3365,200,5207,244,161,448
aSem-L,3671,2067,3133,176,5074,212,128,391
aSem-L,3644,2057,3111,175,5055,211,127,386
aSem-L,3620,2048,3089,174,5036,209,127,382
aSem-L,3606,2044,3080,172,5032,208,131,382
aSem-L,3582,2035,3058,171,5013,205,131,377
aSem-L,3453,1908,2870,154,4986,184,117,347
aSem-L,3427,1898,2848,153,4966,183,116,342
aSem-L,3403,1890,2828,152,4947,181,116,338
aSem-L,3378,1880,2806,150,4925,179,115,334
aSem-L,3354,1871,2786,149,4905,177,116,329
aSem-L,3281,1791,2671,139,4950,164,98,305
aSem-L,3266,1787,2662,138,4944,163,102,306
aSem-L,3242,1779,2642,137,4924,161,102,301
aSem-L,3215,1768,2620,136,4902,159,101,297
aSem-L,3191,1759,2601,135,4881,157,101,293
aSem-L,4219,2566,3597,196,7437,232,176,513
aSem-L,4187,2553,3569,194,7414,231,176,510
aSem-L,4156,2541,3543,193,7394,229,177,505
aSem-L,4124,2527,3515,191,7371,227,177,502
aSem-L,4094,2514,3489,190,7350,225,177,498
aSem-L,4108,2397,3443,187,6490,216,144,443
aSem-L,4075,2383,3414,186,6467,215,143,439
aSem-L,4044,2370,3387,184,6446,212,143,434
aSem-L,4012,2356,3359,183,6422,211,143,430
aSem-L,3982,2342,3332,181,6400,209,143,425
aSem-L,3843,2186,3156,167,6012,192,117,385
aSem-L,3811,2172,3128,166,5989,190,117,381
aSem-L,3781,2160,3103,164,5968,187,117,376
aSem-L,3750,2146,3075,163,5944,186,116,372
aSem-L,3720,2134,3049,162,5921,183,116,367
aSem-L,3653,2037,2949,152,5758,175,103,350
aSem-L,3622,2025,2923,150,5734,173,102,345
aSem-L,3593,2013,2899,149,5711,171,103,341
aSem-L,3563,2000,2872,148,5687,170,101,337
aSem-L,3534,1988,2847,147,5665,167,102,332
aSem-L,3437,1883,2730,137,5552,154,98,313
aSem-L,3407,1871,2704,136,5529,152,97,308
aSem-L,3378,1860,2680,134,5506,150,97,304
aSem-L,3348,1848,2655,133,5482,148,96,299
aSem-L,3320,1836,2632,132,5461,146,97,294
aSem-L,3288,1772,2577,126,5384,143,85,283
aSem-L,3259,1761,2553,125,5360,141,84,278
aSem-L,3232,1751,2531,124,5338,139,85,274
aSem-L,3203,1740,2506,123,5314,138,84,270
aSem-L,3176,1729,2485,121,5292,136,84,266
aSem-L,4540,2655,4124,200,6441,410,275,764
aSem-L,4529,2653,4115,199,6446,410,281,770
aSem-L,4505,2643,4092,198,6433,409,282,772
aSem-L,4491,2638,4078,196,6432,408,287,776
aSem-L,4465,2626,4053,195,6418,406,288,776
aSem-L,4514,2723,4189,248,6512,347,190,648
aSem-L,4486,2711,4161,246,6495,345,190,646
aSem-L,4460,2700,4135,244,6482,342,192,642
aSem-L,4444,2693,4118,243,6480,341,195,643
aSem-L,4416,2680,4090,240,6464,338,196,639
aSem-L,4071,2341,3656,216,5544,282,139,507
aSem-L,4041,2328,3627,214,5526,279,139,501
aSem-L,4013,2316,3599,213,5510,277,140,497
aSem-L,3982,2302,3569,210,5492,274,139,491
aSem-L,3954,2289,3541,209,5474,271,139,486
aSem-L,3829,2131,3314,187,5187,242,111,433
aSem-L,3812,2125,3299,186,5185,241,115,432
aSem-L,3784,2113,3272,184,5168,238,116,428
aSem-L,3754,2100,3243,182,5149,235,115,423
aSem-L,3726,2088,3216,181,5130,232,115,417
aSem-L,3602,1949,3023,164,5017,206,95,372
aSem-L,3573,1937,2995,162,4997,204,94,367
aSem-L,3546,1927,2970,160,4980,201,95,361
aSem-L,3518,1915,2943,159,4958,199,94,356
aSem-L,3490,1903,2918,157,4942,196,94,351
aSem-L,3418,1818,2799,146,4875,181,78,327
aSem-L,3402,1814,2786,146,4871,181,81,327
aSem-L,3376,1804,2762,144,4854,177,81,323
aSem-L,3348,1793,2736,143,4835,176,80,317
aSem-L,3322,1783,2713,141,4817,173,81,312
aSem-M,7344,4959,6945,546,9354,699,301,779
aSem-M,7323,4957,6927,544,9366,700,306,782
aSem-M,7289,4947,6898,541,9361,700,308,780
aSem-M,7253,4935,6865,539,9354,700,309,777
aSem-M,7219,4924,6835,537,9349,699,311,775
aSem-M,6995,4481,6610,601,7538,538,206,565
aSem-M,6958,4469,6576,597,7529,537,206,563
aSem-M,6922,4457,6543,594,7523,537,207,561
aSem-M,6885,4443,6509,591,7515,536,208,558
aSem-M,6850,4431,6476,587,7508,535,209,556
aSem-M,6766,4284,6294,561,6650,472,160,521
aSem-M,6728,4271,6258,558,6641,472,160,519
aSem-M,6692,4259,6226,554,6635,471,161,517
aSem-M,6654,4245,6191,551,6625,470,162,515
aSem-M,6618,4232,6157,547,6619,469,163,513
aSem-M,6461,4076,5906,507,6330,408,133,440
aSem-M,6423,4062,5871,503,6321,408,133,438
aSem-M,6386,4050,5838,500,6314,407,134,435
aSem-M,6361,4044,5816,497,6322,407,139,438
aSem-M,6325,4030,5784,494,6315,405,140,435
aSem-M,6152,3847,5521,450,6127,347,89,340
aSem-M,6130,3843,5504,448,6121,347,89,335
aSem-M,6108,3840,5488,445,6116,347,90,332
aSem-M,6097,3843,5482,444,6127,348,95,335
aSem-M,6073,3837,5463,442,6121,347,96,333
aSem-M,5980,3736,5324,416,6145,322,106,330
aSem-M,5941,3723,5290,414,6136,322,107,329
aSem-M,5904,3711,5257,411,6130,321,108,326
aSem-M,5878,3705,5235,409,6137,321,112,329
aSem-M,5841,3692,5202,406,6130,320,113,327
aSem-M,8346,5843,8119,695,10200,784,360,1143
aSem-M,8303,5829,8076,691,10193,784,361,1144
aSem-M,8263,5816,8036,687,10187,784,363,1146
aSem-M,8220,5801,7992,682,10180,783,364,1146
aSem-M,8178,5786,7951,678,10174,782,366,1147
aSem-M,7095,4431,6696,636,6759,510,176,629
aSem-M,7049,4413,6652,632,6750,508,176,626
aSem-M,7006,4397,6610,627,6742,505,177,623
aSem-M,6961,4379,6565,622,6732,504,178,620
aSem-M,6917,4361,6522,617,6723,501,179,617
aSem-M,6877,4296,6369,585,6240,454,136,543
aSem-M,6832,4278,6325,580,6230,452,136,540
aSem-M,6790,4262,6283,576,6222,450,137,537
aSem-M,6746,4243,6240,571,6212,448,137,533
aSem-M,6703,4226,6198,567,6202,445,138,530
aSem-M,6566,4075,5987,533,5985,401,114,454
aSem-M,6522,4058,5945,529,5976,399,114,451
aSem-M,6480,4042,5905,525,5967,397,115,448
aSem-M,6450,4032,5876,521,5975,396,119,449
aSem-M,6407,4014,5836,517,5966,393,120,446
aSem-M,6170,3801,5519,467,5820,341,99,369
aSem-M,6126,3785,5477,463,5809,339,99,366
aSem-M,6085,3770,5439,459,5800,337,100,362
aSem-M,6043,3752,5397,455,5788,335,99,358
aSem-M,6001,3735,5358,452,5778,332,100,354
aSem-M,5880,3605,5176,419,5784,302,92,319
aSem-M,5839,3590,5137,416,5775,301,92,315
aSem-M,5797,3575,5100,413,5765,298,92,312
aSem-M,5755,3557,5061,409,5752,297,92,308
aSem-M,5715,3542,5023,406,5743,295,92,304
aSem-M,8258,5138,7968,879,9740,754,256,419
aSem-M,8240,5133,7948,875,9754,754,261,419
aSem-M,8207,5121,7913,870,9750,752,263,412
aSem-M,8170,5106,7874,865,9742,750,263,405
aSem-M,8136,5092,7838,860,9738,747,265,397
aSem-M,7164,4478,6996,750,6569,625,199,648
aSem-M,7125,4462,6957,744,6560,623,199,644
aSem-M,7088,4448,6918,739,6553,621,200,639
aSem-M,7063,4439,6893,734,6562,619,205,641
aSem-M,7025,4424,6854,728,6554,617,206,636
aSem-M,6658,4163,6367,628,5947,513,161,568
aSem-M,6618,4148,6327,624,5937,511,161,564
aSem-M,6579,4133,6288,619,5929,509,161,560
aSem-M,6538,4116,6248,614,5918,507,161,555
aSem-M,6501,4100,6210,609,5909,504,162,552
aSem-M,6255,3893,5842,539,5786,416,125,425
aSem-M,6213,3876,5802,534,5775,415,125,420
aSem-M,6175,3862,5766,530,5766,412,126,417
aSem-M,6134,3844,5726,526,5754,410,125,412
aSem-M,6096,3829,5689,522,5744,408,126,408
aSem-M,5873,3658,5367,464,5759,353,105,344
aSem-M,5846,3650,5343,461,5765,352,109,345
aSem-M,5808,3635,5308,457,5756,350,110,341
aSem-M,5769,3619,5271,453,5744,349,110,337
aSem-M,5731,3604,5237,450,5733,346,111,333
aSem-M,5590,3472,5015,411,5833,303,100,290
aSem-M,5550,3456,4978,408,5820,301,100,285
aSem-M,5512,3442,4944,405,5810,299,100,281
aSem-M,5472,3426,4908,402,5797,298,100,277
aSem-M,5435,3410,4873,399,5786,295,100,272
aSem-D,4750,2368,4126,324,2963,235,74,103
aSem-D,4740,2367,4117,322,2975,234,78,101
aSem-D,4716,2359,4094,319,2970,232,78,94
aSem-D,4691,2350,4069,316,2963,230,77,86
aSem-D,4666,2341,4045,313,2956,228,77,78
aSem-D,4684,2536,4200,310,3063,196,70,200
aSem-D,4659,2528,4177,308,3055,195,69,194
aSem-D,4636,2522,4155,306,3049,194,69,189
aSem-D,4624,2521,4146,304,3059,193,74,189
aSem-D,4600,2513,4124,302,3052,192,74,183
aSem-D,4667,2607,4170,287,3262,161,63,186
aSem-D,4655,2607,4160,286,3272,161,67,186
aSem-D,4630,2600,4138,284,3265,159,67,181
aSem-D,4604,2592,4114,282,3255,158,67,176
aSem-D,4580,2584,4092,280,3247,156,67,171
aSem-D,4686,2668,4172,271,3515,144,60,165
aSem-D,4673,2668,4163,270,3524,144,64,165
aSem-D,4648,2662,4141,269,3516,142,64,161
aSem-D,4622,2654,4118,267,3506,142,64,157
aSem-D,4599,2647,4096,265,3499,141,65,152
aSem-D,4638,2661,4100,253,3701,128,61,143
aSem-D,4611,2654,4076,252,3692,127,60,140
aSem-D,4586,2647,4054,250,3683,126,61,136
aSem-D,4572,2646,4044,249,3692,126,65,136
aSem-D,4546,2639,4021,248,3684,125,66,132
aSem-D,4611,2654,4043,240,3865,117,57,122
aSem-D,4584,2647,4020,239,3855,117,57,118
aSem-D,4558,2640,3997,237,3847,116,57,115
aSem-D,4531,2632,3973,236,3837,115,57,111
aSem-D,4505,2625,3951,235,3828,114,58,108
aSem-D,6031,3594,5445,302,5612,299,172,474
aSem-D,6013,3594,5429,300,5621,299,177,476
aSem-D,5982,3587,5400,299,5614,298,178,474
aSem-D,5949,3577,5368,297,5604,297,178,472
aSem-D,5918,3568,5339,296,5596,296,179,469
aSem-D,5851,3510,5413,345,5349,186,117,256
aSem-D,5818,3499,5381,343,5339,185,117,252
aSem-D,5784,3489,5350,341,5329,184,118,249
aSem-D,5749,3477,5317,339,5318,183,118,245
aSem-D,5716,3466,5286,336,5309,181,119,241
aSem-D,5527,3305,5058,322,4935,161,92,222
aSem-D,5493,3294,5028,319,4924,161,92,219
aSem-D,5461,3285,4998,318,4915,159,93,215
aSem-D,5428,3274,4967,315,4903,158,93,212
aSem-D,5396,3263,4937,313,4893,156,94,209
aSem-D,5388,3204,4866,302,4902,145,80,177
aSem-D,5369,3201,4849,300,4908,145,84,178
aSem-D,5339,3193,4821,298,4900,144,85,175
aSem-D,5306,3182,4792,296,4888,143,85,173
aSem-D,5276,3173,4764,294,4876,143,86,170
aSem-D,5120,3037,4562,278,4918,112,70,108
aSem-D,5087,3027,4532,276,4906,112,69,104
aSem-D,5056,3018,4504,274,4896,110,70,101
aSem-D,5023,3006,4474,272,4884,109,70,97
aSem-D,4992,2996,4445,270,4874,107,71,93
aSem-D,5099,3013,4510,266,4943,122,68,134
aSem-D,5066,3004,4480,264,4931,121,68,132
aSem-D,5035,2994,4451,262,4921,120,68,128
aSem-D,5014,2990,4434,261,4926,119,73,128
aSem-D,4983,2979,4405,259,4915,118,73,125
aSem-D,6119,3868,5641,302,6336,287,193,509
aSem-D,6084,3860,5610,301,6327,287,194,508
aSem-D,6050,3853,5581,299,6318,286,196,507
aSem-D,6013,3843,5547,298,6308,285,196,506
aSem-D,5978,3834,5516,296,6299,285,198,505
aSem-D,6327,3863,5886,375,6162,187,123,265
aSem-D,6290,3852,5851,373,6151,187,123,262
aSem-D,6254,3841,5817,371,6142,185,124,259
aSem-D,6215,3828,5781,368,6130,184,124,256
aSem-D,6179,3816,5746,366,6120,183,125,253
aSem-D,5668,3469,5214,346,5565,123,85,168
aSem-D,5631,3457,5178,343,5552,123,85,164
aSem-D,5595,3446,5145,341,5543,120,85,160
aSem-D,5571,3440,5122,338,5550,120,90,160
aSem-D,5535,3427,5088,336,5539,118,90,156
aSem-D,5804,3483,5287,331,5434,149,83,175
aSem-D,5767,3472,5254,329,5423,148,83,172
aSem-D,5733,3462,5221,326,5414,146,84,168
aSem-D,5697,3449,5187,324,5403,146,83,165
aSem-D,5662,3438,5155,322,5392,144,84,162
aSem-D,5608,3347,5056,306,5335,144,79,177
aSem-D,5572,3337,5024,304,5324,143,79,174
aSem-D,5539,3327,4993,303,5315,142,80,171
aSem-D,5503,3315,4960,300,5303,141,80,168
aSem-D,5470,3303,4929,298,5293,140,81,165
aSem-D,5263,3126,4670,281,5274,101,56,84
aSem-D,5241,3122,4650,279,5281,101,61,84
aSem-D,5208,3112,4620,277,5272,100,61,80
aSem-D,5174,3101,4588,276,5260,99,61,77
aSem-D,5140,3089,4557,274,5249,97,62,73
rTir-L,2508,1287,2019,192,3429,178,91,141
rTir-L,2492,1278,2003,191,3418,176,91,134
rTir-L,2479,1271,1991,190,3409,174,92,127
rTir-L,2474,1268,1988,189,3411,172,95,126
rTir-L,2458,1259,1973,188,3399,169,95,118
rTir-L,2471,1363,2074,168,3711,178,102,249
rTir-L,2456,1356,2060,167,3698,176,102,243
rTir-L,2443,1351,2051,166,3689,175,104,240
rTir-L,2438,1351,2049,165,3691,174,108,240
rTir-L,2422,1343,2035,164,3678,171,108,235
rTir-L,2212,1180,1791,133,3592,123,54,132
rTir-L,2206,1178,1788,132,3589,121,56,130
rTir-L,2194,1173,1779,131,3575,119,56,124
rTir-L,2179,1166,1766,130,3557,117,54,116
rTir-L,2166,1160,1756,129,3541,114,54,110
rTir-L,2120,1142,1694,114,3614,112,63,143
rTir-L,2104,1136,1682,113,3598,111,62,138
rTir-L,2091,1131,1672,112,3584,109,62,133
rTir-L,2085,1130,1670,112,3582,108,65,133
rTir-L,2071,1125,1660,111,3567,105,65,128
rTir-L,2016,1077,1580,98,3548,97,40,112
rTir-L,2001,1071,1567,98,3530,95,39,107
rTir-L,1988,1067,1558,97,3515,93,38,102
rTir-L,1982,1067,1557,96,3511,92,41,100
rTir-L,1969,1062,1548,96,3496,89,40,95
rTir-L,1931,1047,1512,91,3555,90,54,122
rTir-L,1915,1041,1500,90,3539,89,53,118
rTir-L,1901,1037,1491,89,3524,86,54,114
rTir-L,1885,1031,1478,89,3507,85,53,110
rTir-L,1871,1027,1469,89,3492,83,53,106
rTir-L,2669,1579,2180,114,4956,203,139,380
rTir-L,2650,1573,2165,113,4939,202,138,379
rTir-L,2634,1569,2154,112,4924,201,139,378
rTir-L,2625,1569,2150,112,4920,201,143,381
rTir-L,2607,1564,2138,111,4903,199,143,380
rTir-L,3002,1807,2504,156,5757,166,102,268
rTir-L,2981,1800,2487,154,5738,165,102,266
rTir-L,2962,1793,2471,154,5721,164,102,262
rTir-L,2941,1784,2454,152,5699,162,102,260
rTir-L,2921,1777,2438,151,5681,160,102,257
rTir-L,2788,1644,2289,140,5180,148,89,237
rTir-L,2767,1637,2273,139,5159,147,88,235
rTir-L,2748,1630,2257,139,5141,145,89,232
rTir-L,2728,1621,2240,137,5119,143,88,229
rTir-L,2709,1614,2225,136,5099,141,89,225
rTir-L,2564,1503,2072,125,4816,129,77,216
rTir-L,2538,1491,2049,123,4795,127,77,212
rTir-L,2512,1479,2027,122,4774,124,76,208
rTir-L,2485,1467,2004,121,4751,122,74,204
rTir-L,2463,1456,1985,120,4731,119,75,200
rTir-L,2211,1235,1727,107,4545,95,92,160
rTir-L,2189,1225,1708,106,4522,93,90,153
rTir-L,2169,1217,1692,105,4500,90,90,148
rTir-L,2149,1207,1675,104,4478,88,89,142
rTir-L,2130,1200,1660,103,4457,85,89,137
rTir-L,2161,1184,1665,95,4347,88,53,121
rTir-L,2142,1177,1649,94,4326,86,51,116
rTir-L,2125,1170,1636,94,4305,83,52,112
rTir-L,2105,1162,1620,93,4283,82,50,108
rTir-L,2087,1155,1606,92,4262,79,50,104
rTir-L,3195,1989,2692,120,5723,336,203,604
rTir-L,3177,1986,2681,120,5704,336,203,605
rTir-L,3161,1983,2670,119,5687,335,204,605
rTir-L,3143,1979,2658,119,5666,335,204,605
rTir-L,3126,1975,2648,118,5647,334,205,605
rTir-L,2262,1314,1805,100,5025,139,132,224
rTir-L,2244,1308,1792,99,5004,138,132,219
rTir-L,2228,1303,1781,99,4984,135,132,216
rTir-L,2220,1302,1779,99,4977,134,135,216
rTir-L,2204,1297,1767,98,4956,132,136,212
rTir-L,1977,1108,1513,81,4644,98,105,154
rTir-L,1959,1101,1500,81,4622,96,104,150
rTir-L,1943,1096,1488,80,4603,94,104,145
rTir-L,1927,1090,1477,80,4580,92,103,142
rTir-L,1912,1084,1466,80,4561,90,103,138
rTir-L,1831,994,1360,68,4353,74,59,88
rTir-L,1815,988,1348,68,4331,72,58,85
rTir-L,1800,984,1337,67,4311,70,58,82
rTir-L,1793,983,1335,67,4303,69,62,81
rTir-L,1778,978,1324,67,4283,67,62,78
rTir-L,1713,919,1248,60,4232,61,51,71
rTir-L,1697,913,1237,60,4211,59,50,68
rTir-L,1682,909,1227,60,4192,57,50,64
rTir-L,1666,903,1215,59,4170,55,48,61
rTir-L,1652,899,1205,59,4150,54,49,58
rTir-L,1565,829,1117,54,4040,50,42,56
rTir-L,1549,824,1106,54,4021,48,41,52
rTir-L,1535,819,1096,53,4000,46,41,49
rTir-L,1520,814,1085,53,3980,45,40,46
rTir-L,1506,809,1075,53,3961,43,40,43
rTir-M,6134,3165,5492,612,4739,626,224,245
rTir-M,6124,3161,5480,609,4747,624,228,241
rTir-M,6100,3151,5454,606,4738,620,229,230
rTir-M,6088,3147,5441,603,4745,617,233,226
rTir-M,6062,3135,5413,600,4736,613,234,215
rTir-M,5210,3153,5144,544,5495,347,154,248
rTir-M,5197,3151,5132,541,5501,345,158,247
rTir-M,5171,3143,5108,537,5491,342,159,240
rTir-M,5158,3140,5096,534,5495,341,163,238
rTir-M,5132,3130,5071,531,5485,338,164,231
rTir-M,4868,2975,4690,452,5473,265,138,244
rTir-M,4853,2972,4679,449,5477,264,142,243
rTir-M,4827,2964,4655,446,5464,261,143,237
rTir-M,4799,2952,4629,443,5450,259,142,230
rTir-M,4773,2943,4605,440,5437,255,143,224
rTir-M,4674,2868,4387,385,5430,220,117,213
rTir-M,4648,2859,4364,382,5415,218,117,207
rTir-M,4623,2851,4341,380,5402,215,117,202
rTir-M,4608,2848,4330,378,5403,214,121,201
rTir-M,4582,2839,4307,375,5388,211,121,195
rTir-M,4499,2755,4133,338,5423,189,105,181
rTir-M,4472,2746,4110,336,5407,187,105,176
rTir-M,4448,2738,4088,333,5392,185,105,171
rTir-M,4421,2727,4064,331,5376,183,104,165
rTir-M,4396,2719,4042,329,5361,180,105,160
rTir-M,4301,2609,3865,300,5400,151,91,124
rTir-M,4287,2606,3853,298,5400,150,95,123
rTir-M,4263,2599,3832,296,5385,147,96,118
rTir-M,4236,2589,3809,294,5368,145,95,112
rTir-M,4211,2581,3788,292,5352,142,95,107
rTir-M,5852,3642,5581,506,6183,272,132,369
rTir-M,5816,3628,5547,503,6168,271,132,364
rTir-M,5781,3615,5516,499,6155,268,133,360
rTir-M,5745,3600,5481,496,6140,265,133,356
rTir-M,5711,3587,5448,492,6126,262,134,351
rTir-M,5492,3411,5132,437,5840,240,124,341
rTir-M,5443,3390,5085,433,5808,237,119,332
rTir-M,5410,3378,5054,430,5795,234,120,327
rTir-M,5374,3363,5021,427,5778,231,120,322
rTir-M,5340,3349,4989,424,5764,228,120,317
rTir-M,5108,3136,4674,377,5604,199,106,275
rTir-M,5073,3123,4643,374,5589,197,106,270
rTir-M,5042,3111,4614,371,5574,194,107,265
rTir-M,5007,3096,4582,368,5557,192,106,261
rTir-M,4976,3084,4553,366,5542,189,107,256
rTir-M,4793,2912,4308,329,5460,161,89,215
rTir-M,4760,2899,4279,327,5442,158,89,210
rTir-M,4729,2888,4250,324,5427,156,89,205
rTir-M,4696,2875,4220,322,5409,153,88,200
rTir-M,4665,2862,4192,320,5393,150,88,195
rTir-M,4537,2738,4029,298,5317,134,83,179
rTir-M,4516,2732,4012,296,5317,132,86,178
rTir-M,4484,2721,3985,294,5302,129,87,173
rTir-M,4452,2708,3955,292,5284,127,86,168
rTir-M,4421,2696,3928,290,5268,124,86,163
rTir-M,4401,2626,3860,274,5227,126,79,158
rTir-M,4369,2615,3832,272,5209,124,79,154
rTir-M,4339,2605,3806,270,5193,121,79,149
rTir-M,4308,2592,3777,268,5176,118,79,144
rTir-M,4278,2581,3751,266,5160,116,79,140
rTir-M,6777,4131,6603,631,7074,584,315,792
rTir-M,6724,4107,6548,627,7061,578,315,780
rTir-M,6675,4086,6498,622,7049,572,315,769
rTir-M,6624,4062,6446,617,7034,566,314,757
rTir-M,6577,4042,6400,613,7024,560,315,745
rTir-M,5877,3623,5731,562,6134,316,152,357
rTir-M,5847,3612,5704,558,6121,314,151,351
rTir-M,5819,3603,5677,555,6110,311,152,346
rTir-M,5790,3592,5650,552,6097,310,151,339
rTir-M,5762,3582,5624,548,6085,307,152,334
rTir-M,5872,3558,5708,521,5399,285,59,279
rTir-M,5839,3551,5679,518,5389,286,60,284
rTir-M,5798,3536,5639,514,5374,285,59,285
rTir-M,5764,3522,5604,510,5370,283,61,287
rTir-M,5688,3471,5520,501,5304,274,37,268
rTir-M,5350,3265,5142,454,5316,268,142,379
rTir-M,5311,3248,5102,450,5300,265,142,375
rTir-M,5274,3234,5067,447,5289,261,144,371
rTir-M,5249,3225,5042,443,5291,259,148,371
rTir-M,5214,3210,5007,440,5278,255,149,366
rTir-M,4725,2780,4331,361,5016,156,72,122
rTir-M,4696,2769,4304,359,5000,154,71,117
rTir-M,4668,2759,4279,356,4987,151,72,112
rTir-M,4651,2754,4263,354,4988,150,76,111
rTir-M,4623,2743,4237,351,4972,147,76,106
rTir-M,4825,2941,4411,340,5291,179,87,221
rTir-M,4795,2931,4384,337,5275,177,86,217
rTir-M,4767,2922,4358,335,5261,174,87,213
rTir-M,4749,2917,4343,333,5261,173,90,214
rTir-M,4722,2907,4317,331,5246,170,91,209
rTir-D,5726,3760,5226,220,7725,239,234,467
rTir-D,5710,3766,5217,220,7726,238,239,471
rTir-D,5684,3766,5198,220,7712,237,241,472
rTir-D,5655,3763,5177,219,7695,236,242,472
rTir-D,5628,3762,5157,218,7681,234,244,473
rTir-D,5291,3233,4839,270,7066,108,153,181
rTir-D,5257,3223,4810,268,7050,106,153,177
rTir-D,5225,3214,4782,267,7035,103,154,173
rTir-D,5189,3203,4752,265,7017,101,154,168
rTir-D,5157,3193,4723,264,7001,98,155,164
rTir-D,5145,3087,4647,266,6231,97,119,167
rTir-D,5112,3076,4618,264,6214,95,119,163
rTir-D,5081,3068,4591,263,6200,92,120,158
rTir-D,5048,3056,4560,261,6181,90,120,154
rTir-D,5016,3045,4532,259,6166,87,120,149
rTir-D,5010,2970,4485,256,5833,88,100,149
rTir-D,4977,2960,4456,254,5816,86,99,145
rTir-D,4946,2951,4429,252,5801,83,100,140
rTir-D,4913,2939,4399,251,5783,80,99,136
rTir-D,4882,2929,4371,249,5767,78,100,132
rTir-D,4914,2887,4366,248,5606,89,98,158
rTir-D,4893,2884,4349,246,5605,88,102,158
rTir-D,4862,2875,4322,245,5590,85,102,154
rTir-D,4829,2864,4293,243,5572,83,102,149
rTir-D,4799,2854,4266,242,5557,79,102,145
rTir-D,4704,2720,4122,230,5354,70,80,114
rTir-D,4671,2709,4094,229,5337,68,79,109
rTir-D,4642,2701,4068,227,5321,65,80,105
rTir-D,4610,2690,4039,226,5303,63,79,102
rTir-D,4580,2681,4013,224,5288,60,79,97
rTir-D,5997,3899,5609,302,6952,270,251,522
rTir-D,5963,3892,5580,301,6937,268,252,522
rTir-D,5930,3886,5551,299,6923,266,253,521
rTir-D,5907,3884,5534,299,6925,265,258,524
rTir-D,5874,3876,5506,297,6911,263,260,523
rTir-D,5682,3485,5290,340,6616,127,151,243
rTir-D,5646,3473,5257,338,6600,125,151,239
rTir-D,5612,3463,5226,337,6587,122,152,235
rTir-D,5575,3450,5192,335,6572,120,152,231
rTir-D,5540,3439,5161,333,6558,117,153,227
rTir-D,5408,3236,4939,317,5943,102,110,182
rTir-D,5386,3231,4918,315,5945,100,115,182
rTir-D,5352,3221,4887,313,5931,97,115,177
rTir-D,5316,3208,4855,311,5915,95,115,173
rTir-D,5282,3196,4824,309,5900,92,115,169
rTir-D,5152,3051,4634,291,5560,81,91,143
rTir-D,5117,3039,4602,289,5545,79,91,139
rTir-D,5084,3029,4572,287,5530,76,91,135
rTir-D,5050,3016,4540,285,5514,74,91,130
rTir-D,5017,3005,4510,283,5499,71,91,126
rTir-D,4919,2876,4343,265,5399,60,75,96
rTir-D,4898,2872,4326,263,5400,58,79,95
rTir-D,4866,2863,4297,262,5387,55,80,90
rTir-D,4833,2851,4267,260,5370,53,79,86
rTir-D,4800,2840,4238,258,5355,50,79,81
rTir-D,4821,2799,4213,249,5330,58,71,91
rTir-D,4788,2789,4184,247,5313,56,71,87
rTir-D,4757,2779,4155,245,5298,53,71,83
rTir-D,4724,2769,4125,244,5281,51,70,78
rTir-D,4693,2758,4098,242,5266,48,71,74
rTir-D,6676,4311,6390,355,7706,117,160,289
rTir-D,6641,4303,6359,353,7693,115,160,285
rTir-D,6607,4297,6331,352,7680,112,161,282
rTir-D,6570,4287,6299,350,7666,110,162,279
rTir-D,6535,4279,6268,349,7654,107,163,275
rTir-D,6502,3868,6304,391,6245,125,124,248
rTir-D,6480,3865,6285,389,6248,124,129,248
rTir-D,6445,3855,6253,387,6237,121,130,244
rTir-D,6407,3842,6219,385,6222,119,130,239
rTir-D,6371,3830,6186,382,6210,116,130,235
rTir-D,6192,3564,5939,361,5541,110,98,203
rTir-D,6156,3553,5905,358,5526,107,98,198
rTir-D,6122,3542,5874,356,5514,105,98,194
rTir-D,6086,3530,5840,354,5500,103,98,189
rTir-D,6051,3518,5808,351,5487,100,99,185
rTir-D,5854,3308,5522,319,5184,95,83,173
rTir-D,5819,3297,5490,317,5170,93,83,169
rTir-D,5786,3287,5459,315,5157,91,83,165
rTir-D,5750,3275,5426,313,5142,89,83,160
rTir-D,5716,3263,5395,311,5129,86,83,155
rTir-D,5630,3139,5258,293,5031,81,68,137
rTir-D,5596,3129,5226,292,5016,79,67,133
rTir-D,5564,3120,5197,290,5003,76,68,128
rTir-D,5530,3109,5165,288,4988,74,67,124
rTir-D,5497,3098,5135,286,4975,72,68,119
rTir-D,5553,3079,5156,281,5042,75,66,123
rTir-D,5519,3070,5126,279,5027,73,66,120
rTir-D,5488,3061,5097,278,5013,71,66,116
rTir-D,5454,3050,5066,276,4998,69,65,111
rTir-D,5423,3040,5037,274,4985,66,66,107
aKaw-L,4617,2798,4048,239,6695,307,223,568
aKaw-L,4586,2785,4018,237,6682,307,223,567
aKaw-L,4556,2773,3991,235,6670,306,224,567
aKaw-L,4536,2766,3973,233,6672,306,229,571
aKaw-L,4506,2753,3946,232,6659,305,230,570
aKaw-L,4302,2606,3704,237,6359,194,147,356
aKaw-L,4282,2599,3686,235,6361,193,151,357
aKaw-L,4250,2586,3659,233,6347,191,151,354
aKaw-L,4217,2572,3629,231,6331,190,151,350
aKaw-L,4186,2558,3600,229,6317,188,152,347
aKaw-L,4058,2375,3385,203,5837,172,116,306
aKaw-L,4027,2362,3358,202,5821,171,116,303
aKaw-L,3997,2351,3332,200,5805,169,117,300
aKaw-L,3965,2338,3305,198,5787,168,116,297
aKaw-L,3936,2326,3280,197,5771,166,117,294
aKaw-L,3870,2213,3141,178,5669,155,94,267
aKaw-L,3840,2202,3115,177,5652,154,93,264
aKaw-L,3811,2192,3091,175,5635,152,93,261
aKaw-L,3793,2186,3077,174,5633,152,97,261
aKaw-L,3765,2176,3054,173,5617,150,97,258
aKaw-L,3693,2070,2935,158,5545,140,88,245
aKaw-L,3663,2060,2912,157,5528,139,87,242
aKaw-L,3636,2051,2889,155,5511,138,88,239
aKaw-L,3607,2040,2865,154,5493,137,87,236
aKaw-L,3579,2031,2843,153,5475,135,88,233
aKaw-L,3510,1938,2732,142,5439,125,76,216
aKaw-L,3482,1929,2709,141,5421,124,75,214
aKaw-L,3455,1921,2689,140,5404,122,75,211
aKaw-L,3438,1917,2677,139,5401,122,80,212
aKaw-L,3411,1908,2656,138,5385,121,80,209
aKaw-L,3957,2470,3309,158,6658,236,180,508
aKaw-L,3926,2460,3285,157,6640,236,180,508
aKaw-L,3897,2452,3263,156,6624,235,181,509
aKaw-L,3878,2448,3250,155,6623,236,186,512
aKaw-L,3849,2440,3228,154,6606,235,188,512
aKaw-L,4107,2414,3327,181,6734,171,124,347
aKaw-L,4073,2402,3299,179,6715,170,124,345
aKaw-L,4041,2391,3274,178,6698,168,125,342
aKaw-L,4008,2378,3247,177,6678,168,125,339
aKaw-L,3977,2367,3221,175,6660,166,125,337
aKaw-L,3637,2079,2855,157,6047,133,90,262
aKaw-L,3604,2067,2829,156,6027,131,89,258
aKaw-L,3573,2056,2804,155,6008,130,89,255
aKaw-L,3542,2043,2778,153,5989,128,89,251
aKaw-L,3511,2031,2752,152,5969,126,89,248
aKaw-L,3544,1969,2737,144,5835,125,81,235
aKaw-L,3513,1958,2712,142,5815,124,80,232
aKaw-L,3483,1947,2689,141,5796,122,80,229
aKaw-L,3452,1935,2664,140,5776,121,80,225
aKaw-L,3422,1924,2641,139,5757,120,80,221
aKaw-L,3391,1855,2580,132,5694,117,71,218
aKaw-L,3361,1845,2556,131,5675,117,70,215
aKaw-L,3332,1836,2534,129,5656,115,71,212
aKaw-L,3302,1825,2510,128,5636,114,70,208
aKaw-L,3275,1815,2489,127,5617,112,70,204
aKaw-L,3298,1777,2479,124,5565,112,66,203
aKaw-L,3268,1768,2456,123,5545,111,66,200
aKaw-L,3241,1760,2435,122,5528,109,66,197
aKaw-L,3222,1755,2423,121,5523,109,70,197
aKaw-L,3195,1746,2402,120,5504,107,70,193
aKaw-L,4752,2844,4157,218,7546,318,276,590
aKaw-L,4724,2834,4131,216,7533,318,277,591
aKaw-L,4697,2825,4107,215,7521,317,278,590
aKaw-L,4680,2821,4092,213,7523,317,283,594
aKaw-L,4653,2811,4066,212,7510,316,284,594
aKaw-L,4495,2741,3926,234,6933,233,194,463
aKaw-L,4474,2735,3907,233,6934,232,199,464
aKaw-L,4443,2723,3878,231,6919,230,199,461
aKaw-L,4410,2709,3847,229,6904,229,199,458
aKaw-L,4379,2696,3819,227,6889,227,200,455
aKaw-L,4117,2400,3451,201,6128,187,137,358
aKaw-L,4084,2387,3421,199,6111,185,137,355
aKaw-L,4053,2375,3395,197,6095,183,137,351
aKaw-L,4033,2368,3378,196,6094,183,141,352
aKaw-L,4002,2356,3351,195,6077,181,142,348
aKaw-L,3918,2218,3173,176,5901,165,110,309
aKaw-L,3886,2207,3145,175,5882,163,110,306
aKaw-L,3857,2196,3121,173,5866,162,110,302
aKaw-L,3825,2183,3093,172,5846,161,109,299
aKaw-L,3796,2172,3068,171,5830,159,110,295
aKaw-L,3710,2051,2924,154,5714,146,92,271
aKaw-L,3691,2046,2910,153,5711,145,95,271
aKaw-L,3661,2037,2885,152,5693,143,96,268
aKaw-L,3631,2025,2860,150,5674,142,95,264
aKaw-L,3602,2015,2836,149,5656,140,95,260
aKaw-L,3553,1933,2745,139,5608,135,84,254
aKaw-L,3521,1923,2721,138,5588,134,82,250
aKaw-L,3494,1914,2698,137,5570,132,83,246
aKaw-L,3476,1909,2685,136,5566,132,87,246
aKaw-L,3448,1899,2663,135,5547,130,87,243
aKaw-M,7489,4662,7376,787,7699,830,327,1014
aKaw-M,7474,4657,7357,783,7712,830,333,1015
aKaw-M,7444,4645,7324,779,7709,827,334,1010
aKaw-M,7429,4640,7304,775,7722,826,339,1011
aKaw-M,7398,4627,7268,770,7718,823,341,1006
aKaw-M,6549,4142,6665,730,5439,559,209,652
aKaw-M,6533,4138,6645,725,5452,558,216,654
aKaw-M,6501,4126,6610,720,5446,555,217,649
aKaw-M,6466,4112,6571,714,5439,552,218,644
aKaw-M,6433,4098,6534,709,5433,549,219,639
aKaw-M,6498,4046,6476,666,4845,500,163,595
aKaw-M,6476,4039,6452,661,4855,499,167,596
aKaw-M,6441,4026,6413,656,4847,496,168,591
aKaw-M,6404,4011,6374,651,4838,493,168,586
aKaw-M,6370,3997,6337,646,4832,490,169,582
aKaw-M,6361,3924,6182,590,4702,437,133,506
aKaw-M,6322,3910,6142,586,4693,435,133,501
aKaw-M,6286,3897,6105,582,4686,433,133,498
aKaw-M,6248,3882,6065,577,4677,431,134,493
aKaw-M,6211,3867,6027,573,4669,428,135,489
aKaw-M,6180,3791,5869,527,4717,385,111,427
aKaw-M,6140,3776,5829,523,4707,383,110,423
aKaw-M,6102,3763,5791,519,4700,380,111,419
aKaw-M,6064,3747,5752,515,4690,378,111,415
aKaw-M,6027,3733,5714,511,4683,376,112,411
aKaw-M,5998,3654,5564,476,4791,337,100,357
aKaw-M,5957,3639,5524,473,4781,335,100,353
aKaw-M,5918,3626,5486,469,4773,333,100,349
aKaw-M,5877,3610,5445,465,4763,331,100,344
aKaw-M,5839,3595,5407,462,4754,328,100,340
aKaw-M,9572,6267,10755,1070,9335,1849,377,1914
aKaw-M,9562,6266,10751,1067,9334,1855,378,1919
aKaw-M,9555,6267,10750,1064,9337,1860,381,1924
aKaw-M,9545,6265,10744,1061,9336,1864,383,1928
aKaw-M,9536,6265,10740,1059,9338,1868,385,1932
aKaw-M,5778,3758,6788,888,4182,1057,143,847
aKaw-M,5763,3753,6774,883,4177,1057,144,845
aKaw-M,5751,3749,6763,879,4174,1058,145,844
aKaw-M,5735,3742,6747,874,4169,1058,146,842
aKaw-M,5721,3737,6732,870,4166,1057,147,840
aKaw-M,5377,3319,6192,757,3267,849,96,733
aKaw-M,5362,3312,6176,753,3263,849,97,731
aKaw-M,5348,3307,6161,748,3260,848,98,728
aKaw-M,5330,3299,6140,744,3254,847,98,726
aKaw-M,5314,3293,6123,739,3250,846,99,724
aKaw-M,4877,2714,4449,419,4005,317,55,102
aKaw-M,4840,2697,4410,415,3993,314,54,95
aKaw-M,4804,2681,4374,412,3982,311,54,89
aKaw-M,4768,2663,4336,408,3971,309,53,82
aKaw-M,4731,2646,4298,405,3958,306,53,75
aKaw-M,5475,3394,4975,407,5408,354,88,335
aKaw-M,5438,3379,4939,404,5398,352,88,330
aKaw-M,5404,3366,4906,401,5388,350,88,327
aKaw-M,5366,3350,4870,398,5376,349,88,323
aKaw-M,5331,3335,4836,395,5367,346,89,319
aKaw-M,5460,3402,4927,383,5597,335,93,344
aKaw-M,5436,3396,4906,381,5605,335,97,346
aKaw-M,5400,3383,4872,379,5595,333,98,343
aKaw-M,5363,3368,4837,376,5584,332,98,340
aKaw-M,5327,3353,4803,373,5573,330,99,336
aKaw-M,6454,4065,6011,547,8139,867,277,894
aKaw-M,6417,4049,5973,544,8130,866,278,889
aKaw-M,6380,4034,5936,541,8123,864,279,884
aKaw-M,6357,4025,5912,538,8133,864,284,884
aKaw-M,6320,4009,5876,535,8125,862,285,878
aKaw-M,6360,4194,6169,603,6747,552,208,627
aKaw-M,6323,4180,6132,599,6739,551,209,623
aKaw-M,6286,4166,6097,595,6731,549,210,620
aKaw-M,6264,4158,6075,591,6740,549,215,622
aKaw-M,6228,4144,6041,588,6733,548,217,618
aKaw-M,6141,3981,5824,538,5896,464,167,578
aKaw-M,6118,3973,5802,535,5905,464,172,581
aKaw-M,6081,3959,5769,531,5896,463,173,578
aKaw-M,6044,3943,5733,527,5886,462,173,575
aKaw-M,6008,3928,5698,524,5876,461,174,573
aKaw-M,5940,3827,5499,478,5746,396,138,485
aKaw-M,5915,3819,5477,475,5754,397,142,487
aKaw-M,5878,3805,5443,472,5745,395,143,485
aKaw-M,5839,3789,5407,468,5733,394,143,482
aKaw-M,5803,3773,5373,465,5723,393,143,479
aKaw-M,5751,3686,5230,431,5759,347,124,415
aKaw-M,5712,3671,5195,428,5748,346,125,412
aKaw-M,5675,3658,5163,426,5740,345,126,409
aKaw-M,5636,3642,5129,422,5728,344,126,407
aKaw-M,5599,3627,5096,419,5719,343,126,405
aKaw-M,5494,3492,4914,387,5755,306,114,357
aKaw-M,5454,3477,4879,384,5742,306,114,355
aKaw-M,5417,3463,4848,382,5734,305,115,352
aKaw-M,5380,3448,4813,379,5721,304,115,350
aKaw-M,5345,3432,4781,376,5710,303,116,347
aKaw-D,7014,4345,6358,322,8758,325,277,596
aKaw-D,6993,4346,6339,321,8765,325,283,601
aKaw-D,6958,4339,6309,319,8757,324,284,600
aKaw-D,6922,4331,6275,318,8746,324,285,600
aKaw-D,6887,4322,6244,316,8736,323,287,599
aKaw-D,6489,3920,6076,377,7225,223,177,389
aKaw-D,6463,3916,6051,376,7231,222,182,390
aKaw-D,6424,3904,6014,373,7221,221,183,387
aKaw-D,6383,3891,5976,371,7209,219,184,385
aKaw-D,6345,3879,5938,368,7200,217,185,382
aKaw-D,6167,3633,5678,357,6260,194,128,317
aKaw-D,6127,3620,5639,354,6248,194,128,314
aKaw-D,6090,3608,5603,352,6238,192,129,311
aKaw-D,6050,3594,5565,349,6225,191,129,309
aKaw-D,6012,3581,5528,347,6214,189,130,306
aKaw-D,5936,3465,5353,329,5954,166,96,250
aKaw-D,5910,3461,5330,327,5960,166,100,251
aKaw-D,5872,3449,5294,325,5947,164,101,248
aKaw-D,5833,3435,5257,322,5936,163,101,244
aKaw-D,5795,3422,5221,320,5924,161,101,241
aKaw-D,5702,3308,5053,304,5827,137,80,178
aKaw-D,5664,3296,5017,302,5815,136,79,175
aKaw-D,5627,3285,4983,300,5805,135,80,171
aKaw-D,5588,3272,4946,297,5791,133,80,168
aKaw-D,5552,3260,4911,295,5780,131,81,165
aKaw-D,5625,3246,4932,288,5786,135,76,174
aKaw-D,5587,3236,4897,286,5775,135,76,171
aKaw-D,5551,3225,4864,284,5765,133,77,168
aKaw-D,5514,3214,4831,282,5751,132,77,165
aKaw-D,5477,3202,4797,280,5740,131,77,162
aKaw-D,5254,2828,4758,280,4873,286,201,271
aKaw-D,5244,2830,4748,279,4880,285,206,269
aKaw-D,5219,2824,4723,278,4870,283,206,261
aKaw-D,5208,2824,4711,277,4876,282,211,259
aKaw-D,5183,2817,4687,275,4865,279,211,252
aKaw-D,5861,3611,5737,391,6344,227,178,287
aKaw-D,5844,3611,5721,389,6353,226,183,286
aKaw-D,5815,3604,5693,388,6345,224,184,282
aKaw-D,5784,3594,5662,385,6336,223,184,276
aKaw-D,5753,3585,5633,383,6328,221,185,271
aKaw-D,5695,3461,5505,373,5783,203,144,274
aKaw-D,5661,3451,5473,371,5773,202,144,269
aKaw-D,5629,3442,5443,368,5764,200,145,265
aKaw-D,5611,3439,5425,366,5770,200,149,265
aKaw-D,5580,3429,5395,364,5761,198,150,260
aKaw-D,5590,3378,5285,348,5616,172,113,220
aKaw-D,5557,3368,5253,346,5605,171,113,216
aKaw-D,5525,3359,5221,344,5595,169,113,211
aKaw-D,5505,3355,5203,342,5601,168,118,212
aKaw-D,5474,3345,5173,340,5591,167,119,207
aKaw-D,5464,3274,5053,321,5519,154,96,188
aKaw-D,5444,3272,5034,319,5526,154,101,188
aKaw-D,5411,3262,5004,317,5517,152,102,184
aKaw-D,5377,3251,4971,315,5505,152,101,180
aKaw-D,5345,3241,4941,313,5495,149,102,176
aKaw-D,5276,3140,4776,293,5483,134,82,152
aKaw-D,5255,3136,4758,292,5489,133,86,152
aKaw-D,5222,3127,4727,290,5478,132,86,148
aKaw-D,5188,3116,4695,288,5466,130,86,145
aKaw-D,5156,3105,4665,286,5456,129,87,141
aKaw-D,5345,3181,4861,180,5321,40,101,79
aKaw-D,5322,3182,4844,180,5310,39,101,75
aKaw-D,5299,3183,4828,179,5302,37,101,71
aKaw-D,5276,3183,4809,179,5292,36,101,68
aKaw-D,5254,3183,4793,178,5283,34,102,64
aKaw-D,5093,2885,4704,177,4639,48,92,70
aKaw-D,5064,2880,4678,176,4628,46,92,66
aKaw-D,5037,2877,4655,176,4618,44,92,62
aKaw-D,5007,2870,4628,175,4605,43,92,58
aKaw-D,4979,2864,4604,174,4594,41,92,54
aKaw-D,4989,2777,4569,169,4382,48,85,76
aKaw-D,4960,2772,4543,169,4372,47,85,73
aKaw-D,4932,2768,4520,168,4363,46,87,70
aKaw-D,4903,2761,4493,167,4352,44,87,67
aKaw-D,4874,2755,4466,167,4342,43,88,64
aKaw-D,4749,2609,4274,157,4255,40,83,64
aKaw-D,4719,2602,4247,156,4243,38,83,60
aKaw-D,4692,2598,4224,156,4233,36,83,57
aKaw-D,4675,2598,4210,155,4238,36,87,56
aKaw-D,4647,2592,4186,155,4227,34,88,53
aKaw-D,4420,2389,3884,140,4213,19,77,33
aKaw-D,4392,2383,3859,139,4201,18,77,29
aKaw-D,4365,2379,3835,138,4191,16,77,26
aKaw-D,4336,2372,3810,138,4177,15,77,22
aKaw-D,4309,2366,3787,137,4167,13,78,18
aKaw-D,4418,2385,3860,136,4256,18,71,27
aKaw-D,4390,2381,3836,135,4245,17,71,24
aKaw-D,4364,2376,3813,135,4235,15,71,21
aKaw-D,4335,2371,3788,134,4223,14,71,17
aKaw-D,4309,2365,3764,134,4212,12,71,14
rGed-L,1963,1000,1611,71,3466,136,157,257
rGed-L,1954,996,1604,71,3464,136,161,259
rGed-L,1936,989,1589,70,3448,134,161,257
rGed-L,1918,980,1572,69,3431,133,160,255
rGed-L,1901,972,1558,68,3415,132,161,254
rGed-L,1985,1058,1490,79,4935,52,109,152
rGed-L,1963,1049,1472,78,4914,51,108,148
rGed-L,1943,1041,1455,77,4895,48,109,145
rGed-L,1932,1038,1446,77,4887,47,112,144
rGed-L,1912,1030,1430,76,4867,45,112,140
rGed-L,1978,1020,1432,74,4844,43,77,99
rGed-L,1956,1012,1414,74,4822,42,77,94
rGed-L,1937,1005,1398,73,4802,40,76,90
rGed-L,1926,1002,1391,72,4793,39,80,90
rGed-L,1907,995,1375,72,4771,36,80,85
rGed-L,1941,982,1377,70,4738,45,64,92
rGed-L,1921,975,1361,70,4716,44,63,89
rGed-L,1901,968,1346,69,4695,42,63,85
rGed-L,1891,965,1338,68,4685,41,66,84
rGed-L,1871,958,1324,68,4664,39,66,80
rGed-L,1702,835,1147,59,4572,21,43,37
rGed-L,1682,827,1131,58,4550,19,42,33
rGed-L,1662,820,1115,58,4529,17,42,28
rGed-L,1652,817,1109,57,4521,16,45,27
rGed-L,1634,810,1094,57,4499,14,45,22
rGed-L,1589,762,1045,53,4408,15,35,22
rGed-L,1578,759,1038,53,4400,15,38,21
rGed-L,1559,753,1024,52,4380,12,38,16
rGed-L,1540,745,1009,52,4359,11,37,11
rGed-L,1522,738,994,51,4338,8,37,7
rGed-L,1688,889,1159,64,5384,19,43,57
rGed-L,1674,885,1150,64,5375,18,47,55
rGed-L,1654,877,1134,63,5351,15,47,51
rGed-L,1632,868,1116,62,5327,14,46,47
rGed-L,1611,859,1099,62,5303,11,46,43
rGed-L,2021,1069,1401,74,5735,49,62,123
rGed-L,2008,1066,1392,74,5723,47,66,122
rGed-L,1987,1057,1376,73,5699,45,66,118
rGed-L,1963,1048,1357,72,5671,44,65,114
rGed-L,1942,1039,1340,71,5646,41,65,109
rGed-L,1857,948,1254,65,5319,38,50,92
rGed-L,1834,939,1236,65,5292,37,49,88
rGed-L,1813,931,1219,64,5267,34,49,83
rGed-L,1790,921,1201,63,5241,33,48,79
rGed-L,1769,913,1185,62,5214,30,48,74
rGed-L,1727,861,1144,58,5083,33,42,74
rGed-L,1705,852,1126,57,5057,31,42,69
rGed-L,1685,844,1111,56,5033,29,41,65
rGed-L,1663,835,1093,56,5007,27,40,60
rGed-L,1643,827,1078,55,4981,25,40,56
rGed-L,1577,770,1021,51,4861,24,38,54
rGed-L,1555,761,1003,50,4836,23,37,50
rGed-L,1535,753,987,50,4811,20,36,45
rGed-L,1514,744,971,49,4785,19,35,40
rGed-L,1494,736,955,48,4761,16,35,36
rGed-L,1431,685,902,45,4633,15,31,35
rGed-L,1409,676,884,44,4608,14,30,30
rGed-L,1390,669,869,44,4585,11,30,26
rGed-L,1369,660,853,43,4561,10,29,21
rGed-L,1350,652,838,42,4537,7,29,17
rGed-L,1907,876,1463,71,3663,171,166,249
rGed-L,1901,873,1459,71,3658,170,170,249
rGed-L,1886,865,1445,71,3641,168,170,243
rGed-L,1879,862,1441,70,3633,167,173,243
rGed-L,1864,854,1427,69,3615,166,173,237
rGed-L,1856,1049,1453,78,4832,63,113,133
rGed-L,1850,1049,1450,77,4824,62,116,133
rGed-L,1835,1043,1439,77,4804,60,116,128
rGed-L,1821,1037,1427,77,4781,59,115,123
rGed-L,1807,1032,1417,76,4761,57,115,118
rGed-L,1745,973,1317,68,4789,52,92,116
rGed-L,1730,968,1306,67,4766,51,90,112
rGed-L,1715,964,1296,67,4744,49,90,108
rGed-L,1710,964,1294,66,4735,48,94,107
rGed-L,1696,959,1284,66,4713,47,94,103
rGed-L,1673,909,1227,60,4669,50,76,105
rGed-L,1666,910,1225,60,4659,49,80,106
rGed-L,1652,905,1215,60,4637,48,79,101
rGed-L,1636,900,1204,60,4614,47,78,98
rGed-L,1623,896,1194,59,4591,45,78,94
rGed-L,1500,796,1061,52,4532,34,61,72
rGed-L,1484,791,1049,52,4509,33,60,69
rGed-L,1470,787,1040,52,4487,31,60,65
rGed-L,1463,786,1038,51,4476,31,63,65
rGed-L,1449,782,1028,51,4454,29,63,61
rGed-L,1406,733,973,46,4389,29,54,60
rGed-L,1390,728,962,46,4367,28,53,56
rGed-L,1376,723,952,46,4347,26,53,53
rGed-L,1361,718,941,45,4322,25,52,50
rGed-L,1347,713,931,45,4300,23,52,47
rGed-M,5754,2887,5213,511,3298,608,207,234
rGed-M,5798,2929,5265,514,3360,618,239,260
rGed-M,5734,2882,5190,507,3295,612,213,236
rGed-M,5698,2852,5146,502,3276,603,204,218
rGed-M,5670,2830,5114,498,3246,596,197,198
rGed-M,5393,3313,5547,580,5242,473,192,424
rGed-M,5383,3312,5538,577,5248,471,196,422
rGed-M,5360,3304,5516,574,5239,468,197,415
rGed-M,5350,3301,5505,571,5243,466,201,413
rGed-M,5326,3293,5481,568,5233,463,202,406
rGed-M,5251,3287,5398,528,5345,444,178,534
rGed-M,5241,3286,5389,525,5350,443,183,534
rGed-M,5218,3279,5366,522,5339,440,184,529
rGed-M,5192,3269,5341,519,5326,438,184,523
rGed-M,5168,3261,5318,515,5315,435,184,518
rGed-M,4927,3039,4934,454,5144,368,129,427
rGed-M,4916,3037,4924,451,5147,367,133,427
rGed-M,4892,3030,4902,448,5135,364,134,422
rGed-M,4867,3020,4878,445,5121,362,133,417
rGed-M,4844,3012,4855,442,5109,359,134,412
rGed-M,4602,2810,4477,385,5078,300,122,351
rGed-M,4577,2801,4453,382,5062,298,122,346
rGed-M,4553,2793,4431,380,5048,295,122,341
rGed-M,4541,2790,4420,377,5048,293,126,340
rGed-M,4517,2781,4396,375,5034,290,127,335
rGed-M,4487,2768,4314,354,5157,283,152,400
rGed-M,4461,2758,4289,352,5141,281,152,396
rGed-M,4436,2749,4266,349,5127,278,153,391
rGed-M,4409,2739,4240,347,5111,275,152,385
rGed-M,4383,2729,4215,344,5097,272,153,380
rGed-M,4980,3382,4788,324,6113,409,235,762
rGed-M,4949,3374,4762,322,6096,408,235,762
rGed-M,4920,3366,4738,321,6082,406,237,762
rGed-M,4889,3356,4711,319,6066,405,237,761
rGed-M,4860,3347,4686,317,6051,403,238,759
rGed-M,5813,3763,5664,491,6717,382,189,624
rGed-M,5779,3750,5632,488,6701,379,189,620
rGed-M,5748,3739,5602,485,6687,376,190,616
rGed-M,5715,3725,5571,482,6672,373,190,612
rGed-M,5683,3713,5540,479,6656,370,191,608
rGed-M,5471,3446,5290,475,5932,343,160,529
rGed-M,5438,3432,5257,472,5916,340,161,524
rGed-M,5406,3420,5226,468,5902,337,162,519
rGed-M,5373,3405,5194,465,5887,334,162,514
rGed-M,5343,3393,5164,461,5875,330,163,509
rGed-M,5122,3168,4853,420,5463,293,119,423
rGed-M,5103,3161,4835,417,5464,291,123,422
rGed-M,5072,3149,4805,414,5448,287,123,417
rGed-M,5039,3134,4772,410,5431,284,123,411
rGed-M,5010,3121,4743,407,5416,280,123,405
rGed-M,4922,3010,4603,381,5299,273,109,389
rGed-M,4892,2997,4573,378,5282,270,108,384
rGed-M,4863,2986,4545,375,5266,267,109,379
rGed-M,4845,2979,4527,372,5266,265,113,378
rGed-M,4817,2967,4499,369,5251,261,113,374
rGed-M,4833,2951,4500,358,5227,262,104,389
rGed-M,4799,2939,4469,355,5211,259,103,384
rGed-M,4768,2926,4440,352,5196,256,104,380
rGed-M,4736,2913,4409,349,5179,253,104,375
rGed-M,4705,2901,4380,347,5164,249,104,370
rGed-M,4982,2862,4767,484,4616,247,95,222
rGed-M,4971,2860,4759,481,4614,245,96,219
rGed-M,4953,2855,4742,479,4605,242,97,212
rGed-M,4943,2857,4736,477,4606,242,103,209
rGed-M,4927,2855,4722,474,4601,240,105,205
rGed-M,4513,2738,4373,435,5100,206,144,308
rGed-M,4492,2732,4353,432,5089,204,145,303
rGed-M,4471,2726,4334,429,5077,201,146,297
rGed-M,4461,2725,4327,427,5082,200,150,296
rGed-M,4440,2717,4306,424,5072,197,152,291
rGed-M,4579,2795,4385,395,5174,205,136,348
rGed-M,4555,2787,4363,393,5160,203,136,343
rGed-M,4533,2780,4343,390,5148,200,137,338
rGed-M,4509,2771,4320,387,5133,198,137,332
rGed-M,4486,2763,4299,384,5120,195,137,327
rGed-M,4516,2719,4216,348,5116,183,106,283
rGed-M,4493,2711,4195,346,5100,181,106,278
rGed-M,4471,2705,4176,344,5087,179,106,274
rGed-M,4447,2696,4154,341,5071,177,105,269
rGed-M,4424,2689,4133,339,5056,174,106,264
rGed-M,4273,2556,3917,308,5043,151,97,239
rGed-M,4261,2556,3910,306,5043,149,100,238
rGed-M,4240,2550,3892,304,5029,146,101,233
rGed-M,4216,2542,3872,302,5012,145,100,228
rGed-M,4195,2535,3853,300,4997,142,99,223
rGed-M,4054,2399,3637,273,4944,114,70,160
rGed-M,4030,2392,3617,272,4926,112,69,155
rGed-M,4008,2386,3598,270,4911,109,69,151
rGed-M,3997,2385,3590,268,4911,108,73,150
rGed-M,3975,2378,3570,266,4895,105,73,146
rGed-D,3969,2449,3444,159,4644,115,131,215
rGed-D,3957,2453,3440,159,4645,115,136,217
rGed-D,3936,2452,3425,158,4632,114,137,217
rGed-D,3913,2449,3408,157,4617,113,137,216
rGed-D,3890,2446,3393,157,4603,111,138,215
rGed-D,5069,3139,4654,285,6204,79,129,132
rGed-D,5053,3139,4643,284,6205,78,133,133
rGed-D,5026,3133,4620,283,6190,76,134,130
rGed-D,4997,3125,4596,282,6174,75,135,127
rGed-D,4969,3119,4574,281,6159,73,136,125
rGed-D,4733,2812,4282,267,5456,65,97,98
rGed-D,4704,2804,4258,266,5439,63,97,95
rGed-D,4676,2796,4235,264,5424,61,98,92
rGed-D,4647,2786,4210,262,5407,60,97,89
rGed-D,4620,2778,4187,261,5391,58,98,86
rGed-D,4522,2642,4025,246,5167,55,89,87
rGed-D,4494,2634,4001,245,5149,54,88,84
rGed-D,4467,2627,3979,244,5134,51,89,81
rGed-D,4440,2618,3954,242,5117,50,88,78
rGed-D,4414,2609,3932,241,5101,48,89,76
rGed-D,4313,2480,3774,226,4935,39,64,52
rGed-D,4285,2473,3751,224,4918,37,64,49
rGed-D,4260,2466,3730,223,4904,35,64,46
rGed-D,4233,2458,3708,222,4886,34,64,43
rGed-D,4208,2451,3686,221,4871,32,64,40
rGed-D,4175,2379,3617,211,4842,30,61,42
rGed-D,4148,2372,3594,209,4824,29,61,39
rGed-D,4123,2365,3572,208,4808,27,61,36
rGed-D,4097,2357,3549,207,4791,25,61,33
rGed-D,4072,2350,3528,206,4776,23,61,30
rGed-D,4229,1856,3579,274,1749,202,103,61
rGed-D,4233,1859,3586,272,1759,199,106,59
rGed-D,4223,1854,3577,270,1756,194,107,50
rGed-D,4225,1856,3583,268,1765,190,110,47
rGed-D,4214,1850,3572,266,1760,185,110,38
rGed-D,4016,2292,4220,284,2923,103,64,33
rGed-D,4000,2289,4211,283,2917,101,64,25
rGed-D,3987,2287,4203,281,2913,98,64,17
rGed-D,3986,2292,4208,279,2923,96,68,15
rGed-D,3973,2289,4200,278,2919,94,68,7
rGed-D,4016,2292,4220,284,2923,103,64,33
rGed-D,4000,2289,4211,283,2917,101,64,25
rGed-D,3987,2287,4203,281,2913,98,64,17
rGed-D,3986,2292,4208,279,2923,96,68,15
rGed-D,3973,2289,4200,278,2919,94,68,7
rGed-D,3909,2231,4137,251,2971,84,56,38
rGed-D,3894,2228,4127,249,2965,82,55,31
rGed-D,3881,2226,4118,248,2960,79,55,24
rGed-D,3863,2222,4105,246,2951,77,54,16
rGed-D,3851,2221,4099,244,2949,75,55,10
rGed-D,3893,2221,4119,229,3026,73,50,46
rGed-D,3877,2219,4109,227,3020,71,50,40
rGed-D,3864,2218,4100,226,3016,69,50,34
rGed-D,3847,2214,4090,224,3009,66,50,27
rGed-D,3833,2212,4080,223,3004,64,50,21
rGed-D,3784,2143,3933,194,3063,54,42,34
rGed-D,3770,2142,3923,193,3058,52,42,28
rGed-D,3757,2142,3916,192,3053,49,43,24
rGed-D,3740,2139,3904,190,3045,47,42,18
rGed-D,3726,2137,3894,189,3041,44,42,13
rGed-D,5759,3448,6055,262,4875,85,75,139
rGed-D,5747,3453,6052,260,4870,83,75,135
rGed-D,5736,3460,6052,259,4869,81,76,130
rGed-D,5737,3471,6064,259,4879,80,80,130
rGed-D,5725,3476,6061,257,4876,78,81,126
rGed-D,4808,2913,5212,265,3981,82,64,109
rGed-D,4791,2911,5201,263,3974,81,64,104
rGed-D,4776,2911,5192,262,3970,78,65,100
rGed-D,4758,2909,5180,260,3963,76,65,95
rGed-D,4743,2908,5170,259,3959,74,66,91
rGed-D,4475,2654,4830,248,3580,67,51,82
rGed-D,4457,2651,4817,246,3572,65,50,77
rGed-D,4442,2650,4807,245,3568,63,51,73
rGed-D,4438,2653,4808,244,3576,62,55,72
rGed-D,4422,2652,4797,242,3570,59,56,67
rGed-D,4228,2463,4507,226,3390,41,45,47
rGed-D,4210,2460,4494,225,3382,39,44,42
rGed-D,4195,2458,4483,223,3377,36,45,38
rGed-D,4178,2455,4470,222,3369,34,44,33
rGed-D,4162,2453,4458,220,3364,32,45,28
rGed-D,4130,2379,4357,212,3307,31,39,25
rGed-D,4114,2377,4346,210,3300,29,38,20
rGed-D,4099,2375,4335,209,3296,26,39,15
rGed-D,4082,2372,4321,208,3288,24,39,11
rGed-D,4066,2369,4309,206,3282,21,40,6
rGed-D,4055,2320,4245,200,3273,29,39,21
rGed-D,4053,2325,4248,199,3283,28,43,20
rGed-D,4039,2326,4238,198,3279,25,44,15
rGed-D,4022,2322,4224,197,3271,23,43,11
rGed-D,4006,2320,4211,195,3264,20,44,6
